train_size,train_RMSE,train_MAE,train_R2,train_r,test_size,test_RMSE,test_MAE,test_R2,test_r,gene_id,cut_percent
636,0.0676932573856329,0.05179058957989095,0.9570819029370348,0.9818323065250395,159,0.20527513183234997,0.16979045411972485,0.651925463796569,0.8170533385096156,744,0.1
565,0.06628840868424528,0.050665404856749335,0.9556455807101898,0.9815809126284966,142,0.1991938086632468,0.1578503433781163,0.6354812069520188,0.7998339901046264,744,0.2
495,0.06249029858664067,0.04767053224897264,0.9595125969667959,0.9830286333883191,124,0.20247847474229796,0.15635382801754372,0.5658754352386257,0.757429804919062,744,0.3
770,0.13084847825046847,0.09626744219162385,0.8008864322529193,0.9166099597476998,193,0.19319358768761516,0.14748806687260727,0.4898977967142676,0.7025311271947042,680,0.1
684,0.06402455573963427,0.04475060666630799,0.9463211649810768,0.9770175093202274,172,0.15841726890544092,0.12774952098995665,0.6432688109774332,0.8048825653649616,680,0.2
599,0.12874030791802613,0.09420489028758455,0.7600330111484893,0.9050094537618903,150,0.1508359193808279,0.11877144299410897,0.5631819927895418,0.7580777852995635,680,0.3
354,0.03861991455939065,0.02932278771661124,0.9880069128014443,0.9956345157762385,89,0.2643941818232234,0.216818087343101,0.5803674572382471,0.7768648080973795,878,0.1
315,0.13170649839648785,0.10262035577557725,0.8429120198307953,0.9374330941630983,79,0.2976857367078547,0.2481604748507881,0.42781291147948,0.6609595789704072,878,0.2
276,0.11794858732193918,0.09289088952531965,0.8717663697002459,0.9479722451772467,69,0.25350663886734853,0.20889735971316584,0.4869057253332726,0.717269022223321,878,0.3
806,0.01322943424285268,0.007952665041612962,0.9980249523610821,0.999142469015333,202,0.14489016062471774,0.11347647684667879,0.7177425008981617,0.849371899073366,658,0.1
716,0.062405346784862425,0.044968641901702626,0.9452970290349869,0.9768987257569886,180,0.13572227231106662,0.10539990007484984,0.7286206917394131,0.8551883199167619,658,0.2
627,0.028751996393544376,0.018800605399989113,0.9856787020318835,0.9941320125182956,157,0.138548667658997,0.10918345595122028,0.722491008901289,0.8548397544930048,658,0.3
1044,0.07595748152852853,0.05418848417057832,0.93713553598002,0.9723525434835912,262,0.1520881548158192,0.11358471681648731,0.7265071129675325,0.8527994709226613,872,0.1
928,0.04505647908393769,0.030503339716257884,0.9715782117627012,0.9878409291149735,233,0.13472110798466283,0.10378502486667948,0.725120760985689,0.852427555489875,872,0.2
812,0.010262752316982008,0.0048576574280815975,0.9980957616389629,0.9991457467309883,204,0.14149674573120666,0.10030146662486213,0.6200734569821834,0.787839878804161,872,0.3
624,0.09953493737892523,0.07460244116187603,0.90875043326511,0.9604455720677147,157,0.16969230644791236,0.13271819694083956,0.6928307762582764,0.8339564399560188,676,0.1
555,0.05401461241404872,0.03812776385427654,0.9699627184234254,0.9869947427535213,139,0.17274674970428938,0.13635567358827302,0.7170726141488637,0.848505369961323,676,0.2
485,0.09085462961757161,0.06995214920148105,0.9152182325642615,0.963405430932625,122,0.16415556271266898,0.13242939259365458,0.6962586504673756,0.8346792979629661,676,0.3
396,0.0392414742401139,0.016962440061901642,0.9753647417940027,0.9895430023297063,99,0.1468767311991962,0.10862273464945368,0.635928743079887,0.8069415738570828,682,0.1
352,0.01977832804291911,0.004479964104011685,0.9934150685096579,0.9969392640717554,88,0.14580899356669605,0.1034718467980574,0.7044489299538406,0.8502815009808466,682,0.2
308,0.027146017161542316,0.009369371020374025,0.988261640607808,0.9947548571344894,77,0.13899888271243557,0.10989961067524853,0.620040090017068,0.7913100605176084,682,0.3
576,0.12545121320037528,0.09577825944420199,0.8535546629399744,0.9374727975080166,145,0.2459418203842506,0.19008026547874157,0.46841306308485353,0.6875477335803707,675,0.1
512,0.10888294593053154,0.08063205642075535,0.8714015687618997,0.946800713517458,129,0.20701568963388042,0.16522052420954603,0.5263981344824264,0.7259955566399201,675,0.2
448,0.04967225092874816,0.03521891349242307,0.9660250309065302,0.9877875804735583,113,0.2109251232684077,0.16665736132329725,0.4851871428171658,0.7050533354518153,675,0.3
830,0.006537303766203037,0.0020835191733339334,0.9994885681351356,0.9997601849447204,208,0.17733916901040445,0.13778294337722025,0.641575080248897,0.8011442196588465,596,0.1
738,0.006365072984536381,0.0035980210350744155,0.9994643915116047,0.9997741526715906,185,0.1649353704340206,0.1302947033834786,0.6331842967768206,0.7970085761601993,596,0.2
646,0.009202067773778754,0.006008774308026416,0.9987302439731675,0.9994916691910269,162,0.15997363650441293,0.12545321677611782,0.6629831843043716,0.8204490016651353,596,0.3
541,0.0444412837603435,0.03116788041199997,0.9790978755023894,0.990926292819318,136,0.1767065729876334,0.13599189697657965,0.7161798886469328,0.8525300990487102,876,0.1
481,0.036841205362608695,0.0251671901578675,0.984431833633284,0.9933586196230522,121,0.16771793591909376,0.12834947899982158,0.7015334924563912,0.8415855075357718,876,0.2
421,0.039279420371275624,0.02702154916754597,0.9790747637354292,0.9912972409208516,106,0.16379992565734275,0.12259380651129091,0.6523020136098934,0.8082953943955191,876,0.3
675,0.011438573179878002,0.006628846661700978,0.9989772531836195,0.9995689597733602,169,0.20506632533322644,0.16519804987000633,0.6499627127945546,0.8088104641006897,919,0.1
600,0.11452071238896448,0.08723948472534684,0.8930537923722563,0.9551843835582843,150,0.22173315794396983,0.1829641907301959,0.5794667050372913,0.7631144273305096,919,0.2
524,0.044909841769822094,0.03347269223108248,0.9813860196997963,0.9923609219509281,132,0.21883820200537113,0.17254839386320153,0.5887715089009558,0.7679687501480941,919,0.3
1045,0.03776886209555285,0.02300486059903349,0.9849798444230865,0.9935720543149612,262,0.18644437121665844,0.1370856887973037,0.6441928666143931,0.8027722763064825,672,0.1
929,0.026757659466291783,0.016902445668704393,0.9913943792609708,0.9963158825246319,233,0.16588942338194962,0.12170439047564154,0.6645894120010898,0.8185751455944368,672,0.2
813,0.06256614648149168,0.042214577835961345,0.9444957139548478,0.9752653052835272,204,0.17765062617720032,0.13650254053677868,0.6048472985142498,0.7797961171574096,672,0.3
735,0.1586322319350475,0.11923602771681745,0.8259702026375139,0.9314283111019741,184,0.28148736500721144,0.2219787819692251,0.46185054178495477,0.6862669027617269,718,0.1
653,0.16741663234086743,0.1288467120481999,0.8038859923023843,0.9232759156506329,164,0.2570989136640951,0.19647442622296754,0.4477287675768703,0.6766078696752938,718,0.2
572,0.14620437714330062,0.11227441872345331,0.8343158208868798,0.9347930111700369,143,0.2640176666016707,0.19954815766544023,0.5037810085807153,0.7155384011904343,718,0.3
872,0.02776256754027957,0.016294731989111712,0.9903010262051665,0.9957959609078189,219,0.14624951569766678,0.10970879958879934,0.7699601106892651,0.8802142587193993,687,0.1
776,0.02395200020927198,0.013059729368914285,0.9918151105365891,0.996420199544939,194,0.13343823496707188,0.09671426619110134,0.728720184901767,0.8536952948037221,687,0.2
679,0.005491901116169163,0.002060791367754627,0.9994894182018773,0.999763755313328,170,0.1203016207419885,0.08640647866861847,0.751947622381955,0.8700447747855874,687,0.3
985,0.07317563462249625,0.052857738966128893,0.960105622040367,0.9837344168062432,247,0.2378272204646534,0.1817888119768403,0.5683171534380618,0.7543593312991848,659,0.1
876,0.08182489336730829,0.06038830721595777,0.9453386509695614,0.9781530356253367,219,0.19875678082251058,0.15399734926446726,0.6450245174931118,0.8054365981297034,659,0.2
766,0.057323918692625465,0.03995504414063756,0.9695030245144167,0.987997612929781,192,0.18328994338487561,0.14617601039787895,0.6726337260407826,0.8236320211259377,659,0.3
855,0.06103316083966489,0.04025245014951652,0.959453892441541,0.983681446802709,214,0.21233230349541446,0.15296473908510624,0.5539102904552258,0.7494644000733749,660,0.1
760,0.030832462404837342,0.017348801711263566,0.9856231615430177,0.9944423877653789,190,0.1806417397148967,0.13027403655870334,0.4406185721589171,0.6639358111326099,660,0.2
664,0.04479638988019918,0.02546442975235929,0.9541364077130756,0.9845293309579725,167,0.18528804597184254,0.13566126599943196,0.45706581064259444,0.7089351793767548,660,0.3
752,0.04457389733289631,0.028917411714067028,0.9741334552044376,0.9897582996032366,188,0.19327462965133715,0.13717869140500188,0.5253107622318904,0.7251645891826018,587,0.1
668,0.0683492791316177,0.04616074704360403,0.9346135683398793,0.9736673675080855,168,0.1806352864001866,0.12867639486693866,0.5717496701733322,0.7566369383959857,587,0.2
584,0.06517803536164389,0.042194781051768854,0.9393108830617177,0.9750552623586585,147,0.17880715039315076,0.13086069564457462,0.5389020752387684,0.739379619193456,587,0.3
902,0.10283985717381332,0.07656319620276555,0.9074762314492177,0.9625944261975845,226,0.23045681918914798,0.18069793919457444,0.5596686195641611,0.7495793731983739,948,0.1
802,0.01308905674945889,0.0056438277287236965,0.9984331601841143,0.9993155754421715,201,0.21964355180083295,0.17012909775088833,0.5630624130094715,0.7530306699792169,948,0.2
702,0.0841204491318161,0.061547277577096375,0.9341151755114685,0.9730310074897643,176,0.21149703200608894,0.16690308189221045,0.5396618170536465,0.7346215695760134,948,0.3
135,0.05446343827550293,0.03731803740808918,0.9605027777766234,0.984467665240205,34,0.1660399145163941,0.12194408555973543,0.7138260427922214,0.8612263805623701,995,0.1
120,0.0327116976942497,0.022498309336301717,0.9785223175663917,0.9923081644705096,30,0.2114418135880315,0.15615137996776662,0.5093456788149389,0.7921208499362372,995,0.2
104,0.1790187190857503,0.11953820476419723,0.3874759429350899,0.7872318208699901,27,0.08866157489966905,0.07324775157308164,0.21248392948025907,0.6103643922884417,995,0.3
724,0.01098779749910198,0.003992134585174255,0.9986765026848098,0.9994051554757155,181,0.15842546687893547,0.1204831885700004,0.7230035787862563,0.8514367438304435,888,0.1
643,0.010830273334014064,0.0030843892564774464,0.9985877425902722,0.9993522903802842,161,0.16916818380112691,0.12311383251442701,0.6635383678072627,0.8160664819673179,888,0.2
563,0.011161532370511732,0.0028294296806305958,0.9984692409470393,0.9992883221062671,141,0.15411776441440894,0.11945778667981409,0.6332036141715283,0.7973630513252579,888,0.3
957,0.13274865615848688,0.10327946954611296,0.8301994734259267,0.9347960584718873,240,0.24886388125486728,0.19714752140385874,0.4549100101233672,0.6782463195876769,717,0.1
851,0.086368173221059,0.06521421377870625,0.9201321958800106,0.9699494302075952,213,0.24385761579988446,0.19191593869453613,0.43217653762885055,0.6574589368383777,717,0.2
744,0.0898723860926167,0.06851520061708473,0.9073714561814126,0.9665671365023071,187,0.2267259791561009,0.17778201999132412,0.46782053144891467,0.6863215397202224,717,0.3
608,0.03528812299586867,0.023733957284287264,0.9844172538851121,0.9938483160100451,153,0.19133839301238945,0.14738748452717335,0.6199823784325892,0.7883852004894666,1005,0.1
540,0.049697885621015105,0.03610040365653154,0.9644004616750445,0.9856910423980361,136,0.18428546876189886,0.14454598748926,0.6152269393145219,0.796166790205344,1005,0.2
473,0.02956487803269812,0.01999575155254161,0.987517696592291,0.9949076027091707,119,0.15553386135625727,0.11766628012367192,0.6138876157831479,0.7842308966045565,1005,0.3
701,0.044420915445531214,0.02746012371946738,0.9801856427126693,0.9908220292427659,176,0.16808166145779566,0.11839429598225074,0.7575809162077509,0.8713210258837716,939,0.1
624,0.0255889882463177,0.014050548886500267,0.9931084747426525,0.9968659485068927,156,0.1724832785989339,0.12230996229085367,0.7124649406601591,0.8471940390887593,939,0.2
545,0.06798614643533223,0.045364979220786375,0.9471177383848915,0.9759385981919217,137,0.15639783100209345,0.10871194632251173,0.7607226079922317,0.8788244962833571,939,0.3
741,0.09872674423466903,0.07502780483713399,0.9367958984134138,0.974606587997111,186,0.2543036506052556,0.207310522866462,0.5693869163453074,0.7550441301924274,841,0.1
659,0.0965926169741879,0.07518228686717687,0.9365355005091932,0.9745082524594801,165,0.23973537988991836,0.18952013764433376,0.5889062340105344,0.773438257422753,841,0.2
576,0.013421445157676008,0.009107818481072014,0.9987426432244246,0.9995026985161567,145,0.22392730637950256,0.1790739426798302,0.6375724423646383,0.7991698427889066,841,0.3
641,0.03586538163108045,0.02579933101951123,0.9852562986331186,0.9939188745266819,161,0.16857362949457597,0.1377819059149938,0.6668864740590852,0.820838470080863,938,0.1
570,0.006512555479718464,0.0036210150735495983,0.9994710065485476,0.9997718089396259,143,0.1556776053455231,0.12722690665976022,0.7168171935316823,0.8509710977637707,938,0.2
499,0.03667084387995221,0.02596589469497659,0.983097265481419,0.9929559211159968,125,0.16395476069868234,0.1270078457339662,0.6390658749850321,0.8024988860287776,938,0.3
869,0.04491185895189465,0.03164482891273761,0.9768616300846213,0.9902172116067127,218,0.1727150658736439,0.12901986501790977,0.6875625779433675,0.8320668845025605,931,0.1
772,0.061187846500116445,0.044245607926025464,0.953215740561933,0.9800641905923461,194,0.15518331099249483,0.11402121750230829,0.6957918766909557,0.8377328435524969,931,0.2
676,0.027707299660616955,0.01929882825100517,0.9890119311443446,0.9952487064019543,169,0.1321335358576576,0.1006206614867405,0.7063243854257633,0.8410806774050438,931,0.3
745,0.025392875297266512,0.012082160369182807,0.9922300336789147,0.9965238872208705,187,0.14363254753382465,0.10603239800254959,0.7891858465352751,0.8898737198688454,681,0.1
662,0.020124502638221027,0.007853640324988304,0.994613327843815,0.997506616754836,166,0.12932213132791315,0.09771176870615471,0.8081753166082551,0.9022675614412313,681,0.2
580,0.04222621651866498,0.02767236783757745,0.9709195663795105,0.9869053434493127,145,0.13672088043434064,0.09948768862779865,0.8040694022767707,0.8999248753421091,681,0.3
1012,0.01810388289793936,0.007664554582546613,0.9929735851466726,0.9970999736806893,254,0.11746451279353956,0.08359209813212405,0.7637867139444113,0.8826422269319464,720,0.1
900,0.00781534250432065,0.0024779798228539095,0.9982336215546554,0.9992699392394446,225,0.11566255674580418,0.08571476216489476,0.6477466738655089,0.8084772457326607,720,0.2
788,0.07203703030221044,0.04083183660350464,0.8311858171343941,0.9424880809511844,197,0.12806068304228607,0.08501955107483586,0.43569873244042456,0.6822347829293594,720,0.3
888,0.06795127927192059,0.04518127181168376,0.9545324597860986,0.9800651687834719,223,0.1585072153279528,0.10945395803901616,0.7738435007879445,0.8824859743943833,674,0.1
790,0.028118145582951243,0.016378411266751984,0.9897475214850222,0.9956484417327763,198,0.13985421647491883,0.09665723400725061,0.714627413024573,0.8486986359484229,674,0.2
691,0.019914549828620065,0.011573957703039019,0.9916130358426442,0.9966909417269773,173,0.11953809994170628,0.08350034042790333,0.6841169748665152,0.8356363604705256,674,0.3
775,0.07697299748895887,0.04198178844780369,0.8991635335242592,0.9607674226401711,194,0.1398539578200486,0.08613753421551974,0.5468859436026298,0.740165084816306,909,0.1
688,0.020242245441751527,0.007430664938247563,0.991335289548462,0.9963559364402192,173,0.12612144291201258,0.07573874318680913,0.66662275588413,0.8306982507639251,909,0.2
603,0.010854950341259356,0.003266108237396675,0.997004392098422,0.9986960003527446,151,0.11154935742089314,0.07713629700535078,0.6651137363733645,0.8204356532322922,909,0.3
1222,0.05812607654591231,0.035061355545257696,0.9392838753569925,0.97483330913583,306,0.12935709626947237,0.09211626404670066,0.5998547376587998,0.7835305749019672,825,0.1
1086,0.0647369569682994,0.03974118386695688,0.8428716506708093,0.9442186175888782,272,0.10087987080639606,0.07588936189627905,0.4266665040846317,0.6628498238591655,825,0.2
950,0.030298817763916505,0.017858548602813627,0.939646943974225,0.9793447776191236,238,0.10206816107988424,0.0739923388739157,0.32740814693406384,0.5761487714368992,825,0.3
660,0.06788482083044994,0.04888114894188834,0.9503354966540504,0.9801259351982441,166,0.18898591866584039,0.14424365519774338,0.6682806810759251,0.8283246646937461,598,0.1
587,0.03855611232854849,0.027224950665713513,0.9812017739498382,0.9926540438508474,147,0.20307580477682377,0.14684641322552353,0.537976953118183,0.7365092740879104,598,0.2
513,0.0373700956167119,0.02716592216510592,0.9795469944630665,0.9924349293842635,129,0.1680340439488135,0.12931812550331556,0.5577140068224828,0.7477152784227198,598,0.3
658,0.05583391435906333,0.040485881460002544,0.9726322916315345,0.9890773501102054,165,0.21318853856728617,0.16347470455089533,0.6591000091938266,0.8188080422705363,913,0.1
585,0.12951530214782048,0.10092880005494703,0.8468557068279766,0.9401596159300525,147,0.22597629086081794,0.17990343704597803,0.46848313095879623,0.6906173176045857,913,0.2
512,0.04689881381543396,0.03466170845788638,0.9784742080420077,0.9911483479816104,128,0.21188136997925086,0.16557728787965387,0.5630407874392207,0.7509857387726906,913,0.3
793,0.038460489620643176,0.0249315515897655,0.9831778063581098,0.992566149496239,199,0.1431641897114778,0.09818640997093908,0.755748394315537,0.8727977276358808,937,0.1
705,0.024763820343949448,0.012685093337468345,0.9924378824377077,0.9965227948873059,177,0.13409212690142797,0.09705960804205165,0.7625835489261986,0.8757283426632035,937,0.2
617,0.019382658571559803,0.009808650913032095,0.9948270543187768,0.9976734822489213,155,0.11290922186115514,0.08177271442075072,0.8024792728129324,0.8958420690557765,937,0.3
914,0.06375856769282502,0.04843675271626862,0.9604768505953819,0.984460557229477,229,0.20156459066387727,0.15853043450781576,0.6140702965714895,0.7839650191429731,585,0.1
812,0.05377460734035114,0.039656127512985084,0.9700222193798291,0.987866714855454,204,0.20153217012679342,0.15817631000442112,0.6281523028375817,0.7980194068285718,585,0.2
711,0.02177967432209684,0.01537552008201217,0.9948744881219876,0.9979743771858581,178,0.19933901759694386,0.15635563247724907,0.6347678914240014,0.7998230056094658,585,0.3
951,0.006448503870313267,0.001707273921499356,0.9996942586163031,0.9998530313491788,238,0.22031184788295566,0.16748262400213368,0.6034238835768624,0.7773297711680028,900,0.1
845,0.022932247989002306,0.014525676148037505,0.99577507644545,0.9982182786888846,212,0.20108158029080847,0.16052646983547883,0.6700113214648037,0.8211622852467912,900,0.2
740,0.005876909387911622,0.0014536290622080895,0.9997006644614259,0.9998557414576748,185,0.1855224501605658,0.1428221787375364,0.6855590057151373,0.829682837458822,900,0.3
737,0.025850099779959477,0.018197619874332414,0.9945296823463833,0.9977168381041396,185,0.20522718399287826,0.16053338081390506,0.6671913557806779,0.817730419558956,827,0.1
656,0.10039120688920451,0.07646362957102462,0.9157673529527348,0.9643126120019511,164,0.20896332871054094,0.1692773540982001,0.5829413777375541,0.7734833522221641,827,0.2
573,0.1145863237811224,0.09104208001841076,0.8870181358782291,0.9535953609098757,144,0.21249745077897844,0.16013166278490498,0.5222219459755907,0.7264270116892461,827,0.3
329,0.12390857633159778,0.08525793903022436,0.8537896795817155,0.9375227162014946,83,0.23853066745562473,0.19151264462803494,0.5346221705365781,0.7365065798393078,877,0.1
292,0.10573384509101126,0.07850620544093055,0.8897575994328824,0.9512668096485402,74,0.21982351749047976,0.1674366395699517,0.5171466901739444,0.7206779795747285,877,0.2
256,0.12186720220370212,0.0939675975290017,0.8394093898363939,0.9357049950508294,64,0.1611169138169361,0.12667744285207364,0.6530398604365766,0.8152228580243079,877,0.3
892,0.09712778525783407,0.07209606686169659,0.9218199700144625,0.967196569342831,223,0.20460656140583014,0.15889276661884935,0.589194197996254,0.7697882474905106,925,0.1
792,0.019891445661694346,0.011668414044820646,0.9964887290742787,0.9984794880187073,199,0.16224907806333055,0.12589209806275614,0.7420725011696894,0.8643183380126518,925,0.2
693,0.05032547667907586,0.03679960646489507,0.9754608506698218,0.9894589417806344,174,0.18872710728670872,0.14196556717624945,0.6374420725100723,0.7990702216395352,925,0.3
716,0.08595763921755772,0.05942935845682754,0.9192280862129283,0.9662972255405549,179,0.18506359562335511,0.13282232702532742,0.5526717800203798,0.7435840667050339,844,0.1
636,0.01279779252932126,0.0043527793272625645,0.9978858720700508,0.9990308006810804,160,0.1892793624514246,0.13852447305625418,0.5592760565331152,0.7479674575213934,844,0.2
556,0.10367760517354083,0.07182563017302711,0.8525009408658478,0.9410798227199213,140,0.17617544418936493,0.129416945156916,0.40792600230900067,0.6596119221775356,844,0.3
716,0.02231472794797346,0.015013412460858137,0.9955640970517393,0.9982555551908214,180,0.18315769537563165,0.14584738057902571,0.7076079779376581,0.8483003291277783,595,0.1
636,0.04162886561340365,0.031246418388466653,0.9840841029820989,0.9939324554886731,160,0.17921484269188678,0.14502237486246738,0.6818644534087546,0.8261517017159148,595,0.2
557,0.019256715781161213,0.012902571743170235,0.9963644488887252,0.998574042988937,140,0.19712195686553147,0.154123569338532,0.6178974840609915,0.7903973628174141,595,0.3
1299,0.008937859445323083,0.0035078178184003994,0.9993910070087375,0.9997212656472261,325,0.22767585168329407,0.17862656344912148,0.6388667998980734,0.8071306634315648,965,0.1
1155,0.01787795603403784,0.009517235103965923,0.9976307317553164,0.9989748928497689,289,0.20456665798589022,0.16201757704377376,0.6812947196454799,0.8280638287142569,965,0.2
1010,0.013074552046103523,0.005269348779287692,0.9987069029818346,0.9994082395401279,253,0.2236073375150572,0.1771945552635126,0.6610725399533015,0.8150675308025596,965,0.3
508,0.04788278987234556,0.03353133258994194,0.9714810969976884,0.9891114873991783,128,0.18065553168430892,0.1466158744239045,0.5813253146041752,0.7648500987491438,917,0.1
452,0.03786105721588992,0.024975611646489645,0.9794528138213421,0.9918734703021111,113,0.16719250011801454,0.12613514193460826,0.6518164503615379,0.8088178588016672,917,0.2
396,0.062432043328280805,0.04293258640164276,0.9454242552853535,0.9781955039447681,99,0.17422452063268395,0.1348301386541117,0.46152592884721766,0.6825747760309658,917,0.3
1009,0.07505109553379241,0.04481907824788861,0.9200061427002747,0.9697725893186913,253,0.20222630175022535,0.1256534629960255,0.5379594031202635,0.7343273868851067,623,0.1
897,0.05109442557071019,0.0258371764072506,0.9535721357168854,0.9821955108807597,225,0.15896393311738238,0.1060844335677607,0.5905977291101556,0.775424217493964,623,0.2
785,0.09449164923701626,0.054543256539853424,0.8132856178642444,0.9257554735687785,197,0.15324899822555277,0.09912277647780432,0.5370390050996728,0.7387703505837897,623,0.3
896,0.060788872271395955,0.03499838954835346,0.9404319752616457,0.9740664609084142,224,0.11287239293794396,0.07412789633374402,0.7183664816615104,0.8529313213739264,972,0.1
796,0.06370625236242562,0.03710405613000289,0.8954062333923957,0.9595737348227938,200,0.093480034188236,0.06471588713442579,0.7206522961536084,0.8537022379579743,972,0.2
696,0.0661999450537491,0.03678376320007043,0.8511002149376918,0.9452060670886492,175,0.08485300258670815,0.05457814629875622,0.667979886400716,0.818962248276309,972,0.3
807,0.011784228872143011,0.004814406715650827,0.9984840948188667,0.999296352101199,202,0.1503740506025615,0.10989734074092006,0.7575638787740073,0.8726284871657677,555,0.1
717,0.014911273364330926,0.005748474294452446,0.9968330594278475,0.9985182263072697,180,0.14234042673289685,0.10965833325996709,0.7568715463619156,0.8768763736315187,555,0.2
628,0.013067263723767892,0.008481589290964143,0.9971023144798121,0.9988003167730373,157,0.14700055950551733,0.10623993304517018,0.6741182638138761,0.824619411400427,555,0.3
876,0.050269359676695054,0.033430859133574374,0.9740267704452571,0.988927155399744,219,0.1748045258073184,0.1294773432773388,0.6779057001997076,0.8249818778822041,922,0.1
778,0.01652359570107995,0.009297613861259458,0.9968006104830625,0.9986349079509049,195,0.16441295135844716,0.11202727603815783,0.6490833953632532,0.8098223701903512,922,0.2
681,0.0433933631096974,0.028930045480040485,0.9728046482172137,0.9888301733203789,171,0.14491472928747254,0.1115148952138905,0.728138706977818,0.8566405360852667,922,0.3
798,0.020142337457565412,0.013738810333264503,0.9957237281940283,0.9981737187527306,200,0.15861727639862042,0.12596599589256924,0.709317375496639,0.842777309636257,797,0.1
709,0.05141557953431011,0.039332550351178115,0.9676005587033641,0.9864987237221746,178,0.18233033067716856,0.14265325220823055,0.6333841754327659,0.7979946735073873,797,0.2
620,0.018087295151459085,0.01259303499580839,0.9957522847747184,0.9982628928992889,156,0.14246793941395358,0.11253555573299952,0.7000056415056861,0.8413028062782906,797,0.3
747,0.06240168105266226,0.04298837189479158,0.9626732880411066,0.9845426106899823,187,0.19668769110129575,0.15230636816806004,0.6202502786779114,0.788301947127844,855,0.1
664,0.07842114062827511,0.05639838941906285,0.9339578870352315,0.9735216200194756,166,0.18252092929317526,0.14157595228089878,0.6403340572273781,0.8015886364257048,855,0.2
580,0.043171410145947095,0.03024947814034054,0.9772289383950191,0.9908508336779118,146,0.20959197089787215,0.15647739617598927,0.5517242474304083,0.7449134549724439,855,0.3
528,0.02440386086995494,0.013167460402275758,0.9918050501645782,0.9964766985154733,133,0.16185070618044345,0.11006237208989247,0.7058860725213612,0.8428784347268811,634,0.1
470,0.09203167743368343,0.06056672345305582,0.8822005585855686,0.9522356945746833,118,0.13271427553090215,0.10134897908782542,0.6639113345030119,0.8287526314441395,634,0.2
411,0.020523790176662914,0.0099869821678612,0.9926309618213172,0.996826316581174,103,0.13542469836951646,0.10461585505736201,0.7277189567490836,0.8544222226524266,634,0.3
892,0.005224144096453481,0.0016767312330511902,0.9997040965062516,0.9998587822990572,224,0.15762715293547655,0.10931746453450207,0.7186022615820027,0.8494888336427115,794,0.1
793,0.00928801026436755,0.004318598263280022,0.9990196829452311,0.9995523275330036,199,0.12247028331878602,0.09256065916621058,0.7724199438086468,0.8792886249616731,794,0.2
694,0.0476976044981794,0.030101889118865775,0.9691112498943909,0.9868957561955994,174,0.14007144974709013,0.10245385809320419,0.7245696987460518,0.8537269046044427,794,0.3
735,0.07116761387445314,0.05128808018756094,0.955560585038931,0.9816633005841753,184,0.2019172550973167,0.15755125787085036,0.6393197082101272,0.8005906822626152,887,0.1
653,0.07096477997567642,0.05118957196914572,0.9527944700498894,0.9799516952717882,164,0.21777524078418115,0.16569000488957059,0.5864610284913271,0.7667039052696483,887,0.2
572,0.12661027518107026,0.09539665177156492,0.8477262445877718,0.937640823174021,143,0.1908945493124611,0.1435465302553848,0.6024153636695244,0.7858702227284605,887,0.3
735,0.030556694386886525,0.021374974848872588,0.9911156462490379,0.996599698987914,184,0.20427791194460193,0.15708574694439828,0.6233080963263711,0.791268320311315,911,0.1
653,0.12192869603682854,0.0940064076577734,0.8541804864179603,0.9425396323166928,164,0.21353568170634182,0.16938096453544035,0.5117864978665643,0.7179069090064087,911,0.2
572,0.08780248745808458,0.0670534000658649,0.9168063884342007,0.9656388264773257,143,0.222647042985573,0.18044247883893727,0.4968071087380964,0.714321780381436,911,0.3
811,0.007371228906198287,0.0024636606880990425,0.9982406495514197,0.9993212148689162,203,0.14038676314935797,0.08154084890065061,0.5455997496055125,0.7452306606152449,805,0.1
720,0.03474783338547962,0.014997816039409065,0.9524714083971048,0.9830270315908597,181,0.12626485194066037,0.0723065847204203,0.4731364087682357,0.704035082043377,805,0.2
631,0.08776679842546681,0.04572598299523229,0.6714963729363346,0.8748494871952965,158,0.10765239879191817,0.06660037890723709,0.3702220954035532,0.6198363866782115,805,0.3
436,0.14578287920320776,0.11353604055066971,0.7966673480344286,0.9304506975673587,109,0.227545778885841,0.19008510860925185,0.5243664140393492,0.7299585901783727,918,0.1
387,0.05390213765615612,0.03930656793465871,0.97006995384776,0.9884163149882115,97,0.23627622991501512,0.19036966578752385,0.5176241824190342,0.726899831333789,918,0.2
339,0.0689244538912326,0.05264435835503334,0.9504019557441467,0.9808861421909643,85,0.2141554632336142,0.16385096112080283,0.49182226677318097,0.7084494230594753,918,0.3
741,0.07173829788685997,0.050212499029803535,0.9323421235196719,0.9714587621012828,186,0.20073386433086202,0.14928512609998656,0.5421859462779631,0.7368976144906815,875,0.1
659,0.05253929871417388,0.03434402852549611,0.9575734344082715,0.9830243991178975,165,0.16625242482733005,0.11626865203008671,0.5684312683962408,0.7607676948088495,875,0.2
576,0.06321916676053335,0.0403378062340417,0.934116903441173,0.9730839490220039,145,0.1564532745902529,0.12352458008186112,0.6031325804324509,0.7843308844937418,875,0.3
712,0.08151256248590542,0.05682642763044238,0.9314109888335214,0.9697284238093461,179,0.15653796043514928,0.11488069037038497,0.7442575505535752,0.863475160482595,602,0.1
633,0.033491965480283346,0.019270012817181652,0.9874185490535877,0.994316782176485,159,0.1519260854652934,0.11019668345361552,0.7581527653038617,0.8722284338314231,602,0.2
554,0.013620383549877116,0.004230225332320703,0.9978445109569255,0.998977202498953,139,0.14689605939363862,0.11319212026317407,0.7539485487864845,0.8686775746876838,602,0.3
682,0.12269462006639391,0.09277581057965191,0.8728057275422709,0.9502111573276226,171,0.19780411888196112,0.15698613841944595,0.6513012947793797,0.8121404677992838,915,0.1
606,0.06099696993289597,0.04539400830163818,0.9678110677783481,0.9869492482863182,152,0.18340238686241672,0.13813600906176485,0.6750703087628507,0.8232634545288785,915,0.2
530,0.06089856091454049,0.04637599968056684,0.9653440916143783,0.9860639434858811,133,0.19582702020289902,0.15696407679259028,0.6425061308432347,0.8019007742161475,915,0.3
748,0.021363113479024896,0.014431697059473524,0.9961375522464831,0.9984836657825095,188,0.19805915507787772,0.15070618423278295,0.6031668847902923,0.7782051208480472,782,0.1
665,0.0056821701643943396,0.0017123680484000313,0.9996949571787096,0.9998560230948537,167,0.20034866230869527,0.14878058134387387,0.6590261257188964,0.8132893441255062,782,0.2
582,0.05345806961949587,0.03877292183771829,0.9717600182270273,0.9885807961772975,146,0.2120504490215626,0.16151515644836262,0.5413507945565694,0.7389759734126758,782,0.3
1220,0.02859311172198771,0.0171391253736122,0.9924723424923855,0.9966964584541327,306,0.15032148891240782,0.10801507503552475,0.7792155582333767,0.8830966975513057,684,0.1
1084,0.021904547962575776,0.011319526507687552,0.9943572628497526,0.9975002263824708,272,0.1539311368788384,0.11388490481275736,0.7204111086951915,0.8548852480153092,684,0.2
949,0.013211939974453479,0.005801093626830356,0.9970322957980942,0.9987077145000214,238,0.1665947487780445,0.11669867913025728,0.619316860778234,0.7871023445984247,684,0.3
557,0.00953972244022851,0.003718469485410915,0.9992356907860173,0.9996660250872219,140,0.23485019176333433,0.17547269860956263,0.50039401085558,0.7074849148426269,789,0.1
496,0.034768584815731064,0.02520886350079445,0.9886932799307794,0.9954862093341971,124,0.2174982248919905,0.16433292339918285,0.5531048464436186,0.7462738081786611,789,0.2
433,0.04940658707879487,0.03646864082669791,0.9760155677017672,0.9901649478873363,109,0.23104427825732768,0.18420931918372085,0.5463751536159821,0.7498452553851238,789,0.3
1014,0.07838279929717719,0.05402401840985104,0.9328166416471407,0.9711871705525891,254,0.17048667876661408,0.12527437503076427,0.6767331922247056,0.8246382890371002,737,0.1
901,0.040568249485702305,0.026122557586895835,0.977132360203988,0.9905922406649035,226,0.1523281803810667,0.10700706678590462,0.6921689854363888,0.8361038424812921,737,0.2
788,0.0197501162976099,0.010169952444368136,0.9934436479150558,0.9972172188474284,198,0.13815424884076205,0.09811626623380768,0.7016458022134473,0.839442848528479,737,0.3
736,0.08114602588152522,0.05704143936576278,0.9161911692479493,0.9655532640308053,184,0.16858862063379365,0.1221444786537509,0.6569317757228526,0.812617749044021,667,0.1
654,0.0753281394625662,0.051717396211711196,0.9265439094487944,0.9683193663247084,164,0.16255847265857593,0.1146437896775488,0.6114314693949165,0.7820516942957308,667,0.2
572,0.006296637542832575,0.0023124507887685958,0.9994094522689784,0.9997329292021794,144,0.16399033906733954,0.11338714879891068,0.6845427546415468,0.8328349132408489,667,0.3
544,0.012243381052985022,0.006606395033243622,0.9970865014281183,0.9987455785192307,137,0.11859258686646594,0.09305693199235172,0.8091454040576976,0.9009325315559996,881,0.1
484,0.016580048552001132,0.009251794661370414,0.9943144877866691,0.9975129063585346,121,0.09956723399379981,0.07947437641052889,0.7761621365116027,0.8926855774662373,881,0.2
424,0.005819873856660076,0.0016914688626231962,0.999005608290681,0.9995385988028448,106,0.12123527467182466,0.0915866654436962,0.65849695259825,0.8146460854230372,881,0.3
1149,0.029474992370726334,0.016820684039905477,0.989107971631107,0.9953882294658817,288,0.18996173522844007,0.14615585648735696,0.587799418054755,0.7756894186477704,963,0.1
1021,0.04220758695223775,0.0270488284728364,0.9664394961390806,0.9875814022556255,256,0.15730262849063437,0.12266622025828419,0.5127788962037831,0.7167551910644642,963,0.2
894,0.055067894525320814,0.03828619209086311,0.9202162499103683,0.9708768452263467,224,0.13999668311765634,0.1050593825037276,0.4922127485865909,0.7084986611983657,963,0.3
676,0.026704126350583696,0.01941663853414852,0.9943979559410852,0.997886113048224,170,0.22606707127654302,0.18094829241782942,0.5856472564774838,0.7659786333755546,785,0.1
601,0.020070298448345496,0.014402570557304656,0.996477448595711,0.9986761917169336,151,0.21819970260928098,0.1796917070831698,0.5973471295733714,0.7791171204634088,785,0.2
526,0.024173944175751406,0.01706845684368096,0.9946023073735175,0.9979530567404137,132,0.22585248824493567,0.18078951071773983,0.4628271629874472,0.6819463435322832,785,0.3
1135,0.07525150184870909,0.05545896328766207,0.9527590034589755,0.9825898298233056,284,0.25239094474350526,0.18805994462923348,0.4778553234055891,0.6961702151883522,665,0.1
1008,0.06934737634174694,0.05065723009033838,0.9566077969735833,0.983429594098338,253,0.22711097907845665,0.18163750799022427,0.5112362727122819,0.7192630857929309,665,0.2
883,0.04359468076965256,0.03082253767409225,0.9814718895152216,0.9930542673907734,221,0.21014279389129473,0.1631673223120479,0.5862760077989793,0.7728903803701918,665,0.3
672,0.008390516181803366,0.0035139641982158713,0.9993215519231142,0.9996905432139881,169,0.1938981530760656,0.15010695825100487,0.6487794841829915,0.8078605824761429,914,0.1
598,0.05460459577243629,0.03958307993916313,0.9697043682474856,0.9875708762523102,150,0.19236693602380195,0.14583127715083383,0.6132959536268705,0.786320080957506,914,0.2
523,0.017620425720176705,0.0114574941934021,0.996655895346516,0.9986178370553298,131,0.20532662723923548,0.1545871903388158,0.5392194269975076,0.7351799005193086,914,0.3
769,0.045885978644727606,0.03363219041558146,0.983107830598666,0.9939551294305878,193,0.22338773465527714,0.17810718651750165,0.5688576769288867,0.7550561243687682,635,0.1
684,0.006505001033776892,0.0017854243884889548,0.9996525705664082,0.9998377368576086,171,0.23181273584125967,0.17882929949951404,0.5631294168714536,0.7511009985341945,635,0.2
598,0.005640079411382494,0.0019240569473007083,0.9997248641236809,0.9998770234871123,150,0.24931117201957015,0.19593155015338864,0.6036456273792402,0.788901286205134,635,0.3
770,0.06609663175610374,0.04324782780040779,0.9502837217865087,0.9800690557001361,193,0.16188764957397708,0.11593580797277699,0.6942176564592004,0.8396398736768691,668,0.1
684,0.014451087383542727,0.005779968788578719,0.9972024968890022,0.9987383216918463,172,0.1742545825098674,0.11513147458890662,0.6742326596657958,0.8211695090805455,668,0.2
599,0.07786952710354017,0.0472438543110279,0.918870290777856,0.9676374754063856,150,0.14226920305893426,0.0980035021743686,0.6373897767868991,0.7993028497403808,668,0.3
300,0.04367822011958652,0.03324856583077121,0.9838825509188371,0.99398542269871,76,0.24064935218835004,0.18533785176678505,0.5106657815958383,0.7156864016104237,698,0.1
267,0.03376297704789864,0.023777073525044202,0.9893856422915851,0.9961142547337385,67,0.23114964426747991,0.1897300912084687,0.5712280648133783,0.7562213466507923,698,0.2
233,0.13358660291230162,0.1027970436405572,0.8360887422435127,0.9342199962987208,59,0.21876148543516127,0.16901943622996154,0.47266988048622527,0.7039592229249687,698,0.3
682,0.09013727826778051,0.0687988461883778,0.9162755036993616,0.964329624272963,171,0.19139372959894482,0.14908584565002944,0.6549021402576214,0.8103849578832653,740,0.1
606,0.11917387412018213,0.09237252492176792,0.8422279176400391,0.9355418901436707,152,0.17678474750780954,0.13848392402310553,0.6194381974277596,0.7872173758575517,740,0.2
530,0.0629006735169469,0.04797919916368372,0.9492818823394904,0.978329846224147,133,0.18910963644531345,0.14487425602542486,0.5704559334018866,0.760825996920794,740,0.3
778,0.07743308202067646,0.05836891527004642,0.9429227168931598,0.9789029960990655,195,0.2389341832878333,0.18773979102048702,0.445783496001513,0.6780506501817496,597,0.1
692,0.07945040379936169,0.05959390736028202,0.9341523694165407,0.9753078226657445,173,0.25785805882745677,0.203384950392164,0.23286550122284666,0.5042002386421683,597,0.2
605,0.07718647688838412,0.05770952594807669,0.928943155053382,0.9744616714543907,152,0.22520035708723107,0.18043981661204453,0.40886703251475964,0.6527229815075634,597,0.3
880,0.014764202629376316,0.004322210088085391,0.995697044610275,0.9979411848434254,221,0.10853548297054612,0.07471123361845604,0.837453163489855,0.9152078353233767,891,0.1
783,0.08314509188504143,0.04939299579757479,0.8152698731344888,0.9272191021139757,196,0.1006522955657941,0.07390192352706074,0.6634850938827133,0.8222269691126082,891,0.2
685,0.008942379215494971,0.0020878040802159497,0.9969557970510765,0.9985368724524255,172,0.08674220790972317,0.0590007815166353,0.6638428222135967,0.8325844392149094,891,0.3
713,0.0471782830434826,0.03113000966597953,0.9744752757854471,0.9895122896332988,179,0.18151477558380716,0.13626217775737237,0.6043835568976661,0.7775909423372825,847,0.1
634,0.054545925042569665,0.034655039129556704,0.960933584685685,0.9833564086873926,159,0.14433096385829536,0.10751104610404195,0.7021352571676556,0.8388556226103201,847,0.2
555,0.043102150460595776,0.025113058476071846,0.9722274475341367,0.9882004060234277,139,0.16066865319827286,0.12255278663835503,0.676062796795285,0.8319875464584087,847,0.3
296,0.10953818555916496,0.08279456856514135,0.8566893398656743,0.9403204520567617,74,0.17843802166949835,0.13385331436666947,0.6070831986675731,0.7853703403495689,1045,0.1
263,0.10644420963507452,0.08004166408440466,0.8522983878210479,0.9395125781664089,66,0.16144200723740523,0.12610234667514056,0.6127116474293965,0.78508540968737,1045,0.2
230,0.06927010015215307,0.052488013662301373,0.9306285124365644,0.9712885237059508,58,0.16765226211382073,0.1309159762262967,0.5982684206104014,0.775414480107635,1045,0.3
858,0.021144876832184818,0.012924715984881215,0.9948317616874283,0.9980436838158038,215,0.2060493453294565,0.1536089111453541,0.5020537483890934,0.7117175086664189,927,0.1
763,0.035869842098039575,0.024224225340953448,0.9828054409779982,0.9934732921848717,191,0.18169295370183078,0.1366626668370353,0.598831580455831,0.7809732073071131,927,0.2
668,0.022850094822395185,0.014214363534833142,0.9920839392903732,0.9970382055152046,167,0.1625503858113499,0.12024951380920577,0.6049714499592587,0.7811972312770558,927,0.3
887,0.04931187819377574,0.032377459758297,0.9732808538964106,0.9888295812072967,222,0.15276099866842013,0.11548313932043354,0.7463092159465865,0.8654603227348262,928,0.1
788,0.04904500478576233,0.033648728231974075,0.9697888247845357,0.9871466398953579,198,0.14993571792637214,0.10739719149538283,0.7435170910843114,0.8699178137489066,928,0.2
690,0.011721472286460585,0.005365026123279832,0.9981690324107289,0.999181031047274,173,0.14985976089200312,0.11138222079636481,0.696241081883572,0.8352448019077202,928,0.3
826,0.047377931972977655,0.030323921350397742,0.9754122444793526,0.9904890214155045,207,0.1942983518596398,0.1470784113005071,0.5493669346235,0.7436730956856573,685,0.1
734,0.026198958455923113,0.014207752075172572,0.9913512097307754,0.9965971423318074,184,0.18944505828765348,0.1391322225022088,0.5244958167221804,0.7351848175257037,685,0.2
642,0.03807561633982209,0.025375621194338407,0.978913424543571,0.9921308281918588,161,0.19042350407147232,0.14190342403815695,0.4838109320277526,0.6971674800135204,685,0.3
991,0.07276470882592224,0.049095834482248746,0.9400176200174606,0.9763795476073746,248,0.19674610970981907,0.15204855440144643,0.5362668906879374,0.7342044591823481,683,0.1
880,0.09833809077553685,0.06990057213739573,0.869208083477663,0.9503500404711808,221,0.18369137498729562,0.1393799028600162,0.5167879238907789,0.721743466220332,683,0.2
771,0.06973256369808552,0.04640377047473785,0.9216874660628697,0.9709675345536672,193,0.1757811792767214,0.13001542396117968,0.4255487959695473,0.6538697805423368,683,0.3
924,0.047707065289781775,0.03062077318854041,0.9645060728026622,0.9847771075481909,231,0.12496004006368036,0.09328151580226829,0.6335278014863377,0.7974699424484253,632,0.1
821,0.03564269931651639,0.021779633269121513,0.9733864644415106,0.9893161533961076,206,0.13050129875080946,0.09514650920928623,0.6631456978306149,0.8161690725732992,632,0.2
719,0.03316287042964781,0.017227130779706314,0.9760281490242776,0.9901676792989237,180,0.11230696687087313,0.08503554338010862,0.7290996148829736,0.8546639570481397,632,0.3
1075,0.016115797922245042,0.008700693289101436,0.9975704012485593,0.9988982705998005,269,0.16678254311883972,0.12416032501017268,0.7470849236821868,0.8648039284496432,779,0.1
956,0.029255128578643097,0.018957558606341733,0.9901622406130403,0.9958296486680978,239,0.13735980466960346,0.10449878816634581,0.7647754879291093,0.8748770138134512,779,0.2
836,0.019347657406691757,0.01144783622811542,0.994008330909649,0.9975123490055113,210,0.14774784025165338,0.10991803034340315,0.6210641061322772,0.7890194504374436,779,0.3
1027,0.0547194962175349,0.03640439716211921,0.9621438433345764,0.9842849257396279,257,0.17587924537612842,0.13303143041820567,0.6063440204619004,0.7811069094578605,945,0.1
912,0.06780914560951058,0.04596344986968926,0.9262658533976683,0.9701485253698786,229,0.15707998857182093,0.11529741291454938,0.606191077714098,0.779036971678934,945,0.2
799,0.03814155174092298,0.02498028418103129,0.970772441569763,0.9893902907409935,200,0.13444783840933822,0.10201735413099033,0.6076519243568821,0.7818985981771556,945,0.3
982,0.016688529901433897,0.0097612092044443,0.9972964388213071,0.9988124243986669,246,0.17525228889802488,0.13125784325857903,0.6910114235095324,0.8321201117561433,766,0.1
873,0.011841115591541353,0.00693365631237607,0.9985903805366138,0.9993844966715004,219,0.16317090543970428,0.12509595882779143,0.7031391544337857,0.8388487302158292,766,0.2
764,0.005107409106553124,0.0011233080514393107,0.9997157457949626,0.9998614606739465,191,0.16182804538482945,0.1279175534366091,0.7113438788661116,0.8447138287030166,766,0.3
626,0.15177464900157756,0.11110760007752346,0.8678854042659431,0.9510017830245951,157,0.2960453983566427,0.2393020004930657,0.5875297733944296,0.7787855009035157,783,0.1
556,0.19260827952506215,0.14812788123822004,0.7962178202351349,0.920591451726124,140,0.32598957827166136,0.24979342883870176,0.33276789858523304,0.5897599243636334,783,0.2
487,0.17498705574585896,0.13262621397968138,0.8366358287505434,0.9359770633072105,122,0.2944057500052834,0.22003482359850432,0.3841754513588034,0.6235629111964099,783,0.3
726,0.021398893178588535,0.012248531613488,0.994962286285689,0.9979205397550199,182,0.16961572804868233,0.12553995478034205,0.6736288599564435,0.8259935327751623,611,0.1
645,0.026441706330572908,0.014695088994168604,0.9912319180703386,0.996340949559313,162,0.14726147590229005,0.1076981173964792,0.6569477097393184,0.8118769212020313,611,0.2
564,0.04882998274632394,0.03276600304172428,0.9617568884432744,0.9851615392736408,142,0.1640698101615936,0.1211672139765343,0.6581129727747488,0.8158448323621422,611,0.3
1035,0.11219469288729782,0.08142937433627773,0.8781330522368954,0.9481071579858402,259,0.18395915949571054,0.1396514687733353,0.646846618323365,0.806684806089056,807,0.1
920,0.05438735038940128,0.03623560241136424,0.967930275648454,0.9861194761302665,230,0.16604387133472456,0.12864363392191186,0.6445592049792097,0.8054792669353726,807,0.2
804,0.040287457238055595,0.026631933704673504,0.9787247418527246,0.9908929371418308,202,0.15454484226482065,0.11730287047366661,0.6319232309349967,0.7970367083271694,807,0.3
806,0.022053898881440246,0.01513645662771725,0.9947672044865769,0.9979491611057045,202,0.19113426547873555,0.15423870517398983,0.6513694003544654,0.8181496858546746,930,0.1
716,0.06347603000854517,0.04822661432429632,0.9558465551815031,0.9816891492363194,180,0.1765932495488557,0.13563710358180778,0.61083192571474,0.7864763860354744,930,0.2
627,0.05683814429708201,0.04376870806272602,0.9608459033803998,0.9838928982440959,157,0.1826066741682447,0.14345992782629646,0.6283898688970427,0.800735515356263,930,0.3
609,0.015745880445736746,0.006043208248867761,0.9964841364138195,0.998328092540822,153,0.11526843808287882,0.0752077325792751,0.8331421702880735,0.9128206578712311,978,0.1
541,0.007548154029309799,0.002192585218423945,0.9988750906851404,0.999453968847169,136,0.1205701471154449,0.07835489483510176,0.7972642721937628,0.897073308465566,978,0.2
474,0.009658885912702354,0.0035867552499112697,0.9978782780564551,0.9990377328835299,119,0.11398039691707063,0.07357868437178731,0.7320991697704222,0.8603106424705484,978,0.3
736,0.1069285264644218,0.08095963944989179,0.9197961685451933,0.9688602945810685,185,0.2894141962684157,0.2222142136986041,0.4990644019059973,0.7127385348349224,781,0.1
655,0.1688609843784582,0.13147852475318006,0.8132474503469225,0.9258163100917794,164,0.25473370131714984,0.20180047286477085,0.5196167981219322,0.7230537739693558,781,0.2
573,0.12520141043189792,0.09799140111515112,0.8947177777982657,0.9572430579449053,144,0.277184783319466,0.20813510107099364,0.46561132996747445,0.68529278666173,781,0.3
641,0.13576717664157212,0.1029919582068876,0.8937838367241427,0.9640213708439078,161,0.32644162300035207,0.2572706497080952,0.38170120347475134,0.627149979135193,936,0.1
570,0.19297089636956738,0.14996673901383092,0.7952629448737438,0.9266371266448488,143,0.3109931754182363,0.2467176984220674,0.38529099243564724,0.643592327461726,936,0.2
499,0.11683730150211499,0.08725963955870208,0.9208971217844705,0.9728329589266487,125,0.3404493168810639,0.26097741826218196,0.402875491964676,0.6489771525572414,936,0.3
636,0.04142924119463338,0.028287446810469387,0.9773654613306803,0.9921845910093804,160,0.2122551278681008,0.1627774833839158,0.3958874414368373,0.6460372957979517,823,0.1
566,0.07362528753860285,0.05454291206877752,0.9200636365785192,0.9714569455395953,142,0.21534513916200487,0.16222377388089967,0.41400882172466913,0.6469409946824644,823,0.2
495,0.06329944057304601,0.0462408156680453,0.9381760204298282,0.977760017210369,124,0.18424477224966068,0.14195969234984285,0.43479115910009447,0.6600738915648025,823,0.3
854,0.05111334305407011,0.03521022955867231,0.9669769905416769,0.987487487226157,214,0.1839609383924981,0.1461427159023152,0.576460769139451,0.7625127958315323,926,0.1
759,0.08817917647119186,0.06564098574800947,0.8943823415874348,0.957896219409462,190,0.1630017566669084,0.12392695718659333,0.6022890170342902,0.7763928464497537,926,0.2
664,0.09101228378046013,0.06584680637319938,0.8783922159402152,0.9502873552225579,167,0.19358316538107517,0.14916474573644137,0.4542581382285762,0.6744990886201637,926,0.3
325,0.08048650748019807,0.060056942450974204,0.9268333195679253,0.9739035755231962,82,0.2431022165297445,0.19126007267233416,0.5330320207526432,0.7542804247089188,1046,0.1
289,0.10480882348644929,0.08151607665147757,0.8583394326216534,0.9447595175376791,73,0.2535045259075274,0.20556879225727137,0.4265035661578712,0.6724373570827203,1046,0.2
253,0.14401490869618117,0.11420270243046202,0.7747428037396867,0.9196589249686028,64,0.22279819946255644,0.17371893508991276,0.3033787467800714,0.5736616979138106,1046,0.3
513,0.12075686474639723,0.07964941798610983,0.878348583786622,0.9485277566482486,129,0.22305906858468175,0.1666438415773517,0.5964254643627998,0.7861398960295801,697,0.1
456,0.14166045631034282,0.09861027768443267,0.8153927015891089,0.9281683065665438,115,0.21796587611361976,0.16495726973337713,0.5282631290647072,0.7282311776125734,697,0.2
400,0.09990091466979538,0.06558540508339547,0.8949174064362381,0.9576428571955676,100,0.1594032949845999,0.12728377172468133,0.6728471362139388,0.8398102650618614,697,0.3
580,0.03954615774612194,0.02840381591960486,0.9852525431794917,0.9948285673915613,146,0.23594578120696186,0.18870961346038384,0.5535007256146264,0.7488055292938278,790,0.1
516,0.006632530993593866,0.0022122683842184456,0.999560837826613,0.9998010585087317,129,0.2474906990672292,0.19607785828353835,0.3292223407994529,0.6040395887293464,790,0.2
452,0.003510477844879414,0.001565069808340854,0.9998613254230133,0.99994139540427,113,0.23630318580518775,0.17853615699721367,0.390725569971888,0.643890728016193,790,0.3
860,0.04844873271741915,0.03395506326210533,0.9817054995668439,0.9933719301695706,215,0.25198904673740224,0.1967178520775321,0.44015960199998616,0.6644061007960494,795,0.1
764,0.05811222851023695,0.04296028288526105,0.9727162586635848,0.9903962380689171,192,0.24827022493671952,0.19878927722345327,0.5299511163317032,0.732766934074922,795,0.2
668,0.01762722486087539,0.011355102345535979,0.9974198003376336,0.9990448612872614,168,0.25401925150215504,0.20579541592626685,0.5184846283382125,0.7246075817284781,795,0.3
582,0.034921470381301174,0.018708162278327722,0.9816169446605058,0.9916040937841848,146,0.1319941532031077,0.09273632270016985,0.7899353696936511,0.89213128986794,976,0.1
517,0.0421711891381413,0.024920014867326395,0.9700370653677012,0.9862774902892006,130,0.11353201955402482,0.08237122663269467,0.8327984069537563,0.9170088684725902,976,0.2
452,0.049458293338226565,0.030610633486173294,0.9580149850570754,0.980958310112307,114,0.10553326037825597,0.07558838223246821,0.8199099069818512,0.9102797856555832,976,0.3
342,0.10219643491267881,0.0755809644687294,0.9208190683368755,0.9697835458146582,86,0.2834767117242503,0.22896936063750908,0.4750936555963743,0.6904774754925023,884,0.1
304,0.17975400581893708,0.14022866574911064,0.7542365286615768,0.914911127381363,76,0.27996021510284685,0.2154156783486942,0.3184741782983098,0.5692374974800093,884,0.2
266,0.15748231510029412,0.1195678260519162,0.7881720747701759,0.9310120557907797,67,0.2669610367574387,0.2129210419714512,0.353517386864446,0.6141406291299588,884,0.3
301,0.11110162621184055,0.08317041436513287,0.8815722485806566,0.9556048141923907,76,0.1989220810770251,0.1714704868327031,0.6054015190288727,0.7929359385200443,1035,0.1
268,0.12814565749596935,0.09756489209973995,0.8453265982701033,0.9410794798721284,67,0.21777114126494967,0.17933770467512913,0.4312504497731533,0.6654738734529643,1035,0.2
234,0.06777395158777982,0.05116577003877499,0.9509038564665315,0.9818924076316807,59,0.21754146574616298,0.1733590396217346,0.5176078500284527,0.7216380598295589,1035,0.3
453,0.08195495801159133,0.05967748693768311,0.9046875891429313,0.9627182995326843,114,0.19169470833663552,0.1454466728740051,0.5430842707364794,0.7372260365751411,606,0.1
403,0.08184057550100163,0.061598864863448434,0.9068155537152411,0.9629748839682859,101,0.16946530558096834,0.13003179315965627,0.5296397638457208,0.729354786284429,606,0.2
352,0.0719468370878278,0.05416766158970894,0.9240062973064654,0.9700951287354995,89,0.17376696137993627,0.13082770898179416,0.5493141945848674,0.7465575328940691,606,0.3
872,0.03329336377925116,0.024391801904184652,0.9908085541424094,0.996458366618602,219,0.23979727575653445,0.188755747707823,0.50367581786329,0.7153228030117047,832,0.1
776,0.0826203230457031,0.06242461107891203,0.93762551833098,0.9753314503844007,194,0.23934413833322096,0.18944739525208248,0.48761014897831334,0.6991581369665373,832,0.2
679,0.11636131053747284,0.08981683223138465,0.8657288152474611,0.9475907699902315,170,0.21400813905170762,0.16814975036841376,0.49245625008882266,0.7189508341009627,832,0.3
747,0.018170368609009654,0.011974328766384624,0.9972464403229133,0.9989444706572541,187,0.2375687985350171,0.19546459289412907,0.5410707895420694,0.7381623172831885,863,0.1
664,0.034024656088645,0.024470689865495464,0.9894230241896945,0.996021676058367,166,0.24741000401185223,0.20585720306572994,0.55915286613356,0.752873787341865,863,0.2
580,0.04792260190622522,0.03548042896933756,0.9790056644082982,0.9921245625630606,146,0.2154672302952874,0.17091414195562615,0.5808637268608267,0.7684906621862883,863,0.3
743,0.057504983457597685,0.04251898563079683,0.9672721612523939,0.9867445789484244,186,0.1890292215108711,0.14075805174115735,0.6426155867732852,0.8041638972725046,994,0.1
660,0.03054217252706779,0.020064461150707178,0.9899917327257698,0.9959496041575877,166,0.18688713778715557,0.1525849920504922,0.6195049005512632,0.7898830420448489,994,0.2
578,0.04030218040298186,0.026334415618062868,0.9806495578820943,0.9919463246747793,145,0.1801005427175217,0.14166632011585104,0.6587910857081258,0.8123104195020034,994,0.3
561,0.04065057551822744,0.026812054014847334,0.9847519376216305,0.9934963701682167,141,0.1682888138869756,0.12655968386555277,0.6573408411270639,0.8180380151880134,770,0.1
499,0.07067200082213397,0.05120016483906376,0.9452482799562042,0.9775257288425405,125,0.15435050986033688,0.12265969978046586,0.7321231877414621,0.8556797452376921,770,0.2
436,0.012775167442078107,0.006681105373120533,0.9978774892267569,0.9990482249155751,110,0.1541854923267298,0.11516096964413994,0.7480682630274632,0.8714359196010352,770,0.3
540,0.06337093916849053,0.04260469790882336,0.9483927133809243,0.9793111449272133,135,0.22815523021339404,0.15548388172506528,0.4630921646352604,0.688125644167275,643,0.1
480,0.0379387537695559,0.019322381124488232,0.9811061560705833,0.9919821410076014,120,0.2199402185384279,0.14032308584187164,0.5272768706385565,0.7328191942405158,643,0.2
420,0.07928344389285863,0.05199165057439494,0.9217826319284782,0.9686942541920182,105,0.1638715507980251,0.1306841113566161,0.5898423252269842,0.7784375013647925,643,0.3
804,0.10024916152281614,0.0751334116636149,0.9398469118605406,0.9768883064096109,201,0.3017161086099605,0.2284732486168723,0.48595102643306276,0.6971199181859841,943,0.1
714,0.024754809504386525,0.01505584068233401,0.996203275221459,0.9985137923023565,179,0.27873048656105537,0.22620072830923899,0.5406451314309435,0.7393790556145178,943,0.2
625,0.09005812797531028,0.06844275741788804,0.9463167311611921,0.9792675935133569,157,0.24185527698491416,0.19038514403729853,0.5927330084545266,0.771051398641532,943,0.3
744,0.04270784767944233,0.030509451610629245,0.979483195851001,0.991247193456448,187,0.17623968417847452,0.13616720451214873,0.5965353996577147,0.773361422970591,818,0.1
662,0.07779249189874901,0.0560381400464303,0.9202078827618434,0.9668411841159685,166,0.16195832889539102,0.12828080412135365,0.6461807537580642,0.804926022550914,818,0.2
579,0.04242397973859859,0.02872762789812608,0.9734197598828751,0.9887109032871964,145,0.17808397699776493,0.13157068020845475,0.5439954313331014,0.7433856611283225,818,0.3
1017,0.029902720566144996,0.017710845459274815,0.9905122204372325,0.9959467206841697,255,0.16328344219432972,0.11558540920105406,0.7250299407242027,0.8517534653090247,904,0.1
904,0.036152956587094005,0.0207897560643869,0.9834382272607758,0.9929116669168901,227,0.15080212462734147,0.10647008877809189,0.6783269761289656,0.8239268713241736,904,0.2
792,0.031713672816361914,0.01879011148438106,0.9855113410807299,0.9939590178639393,198,0.13728328409767745,0.09709017451404336,0.6695274407276235,0.8196999824564282,904,0.3
287,0.09926423843693316,0.07607521845359318,0.908277473173768,0.9660938617142083,72,0.24083703335455742,0.20101462264370792,0.4508223398665716,0.6803023507490544,853,0.1
255,0.1424260974610737,0.11158661327243528,0.8077799892457955,0.9236849437491125,64,0.23557293800182247,0.1898508614023445,0.30017257765692074,0.597821847705114,853,0.2
223,0.1272273787246824,0.09817050868763552,0.8302659172278148,0.93491279460603,56,0.22606957647788856,0.1922420485145398,0.4153189586134497,0.6576526432770382,853,0.3
914,0.04623414328091454,0.03122712588938589,0.979905441479834,0.991728435610684,229,0.18995911709046145,0.1392955821717823,0.6527958749629539,0.8085273763808264,613,0.1
812,0.04783495752081208,0.032335650923579276,0.975140947669165,0.9899930101077873,204,0.19559685347482217,0.1434773813612447,0.6404581585327974,0.8008048771547758,613,0.2
711,0.04484696222731854,0.030208569172752445,0.9736731102832469,0.9895251509158185,178,0.19121206133639265,0.1431080289977403,0.5483016467959869,0.7455774504480411,613,0.3
573,0.07287448208194164,0.04925091735688069,0.9310865066970733,0.9705467105197833,144,0.1801692303578023,0.1379303180304129,0.6265767100131774,0.7925000118367667,771,0.1
509,0.0435928591403428,0.025422074536608916,0.9695321412370514,0.9868035628669329,128,0.1458221874995765,0.11273241840465154,0.6130735749860119,0.7856826135828008,771,0.2
446,0.016507773133056635,0.007762796321418084,0.9946808245181029,0.9976380561670561,112,0.150131255321469,0.1089445567723373,0.68033551028546,0.8600803892966167,771,0.3
612,0.03608980740011891,0.022201960875585493,0.991683357868753,0.9967867964478645,153,0.2565222939350271,0.21183593877172546,0.5930350850564845,0.7727955403425382,592,0.1
544,0.0593521565805947,0.040914243829100284,0.9773625341855169,0.9910610165426743,136,0.2477076385084091,0.20541605125498646,0.5794575441281015,0.76345015742762,592,0.2
476,0.05561494436308891,0.040452419088657134,0.9786495370814107,0.9917984310671232,119,0.2697407274091856,0.21597029438918933,0.5803891776311698,0.7677293212496857,592,0.3
951,0.07532281798324734,0.04642857767888121,0.8939290294331089,0.9523513687936465,238,0.10870357472180808,0.07687389917267767,0.7217119673185238,0.8541361274019691,809,0.1
845,0.04965826668520792,0.02771133026153427,0.9116763189552581,0.963031368976226,212,0.09704400353834493,0.06785871001627429,0.6685650184505063,0.8202776907741223,809,0.2
740,0.05635174615787258,0.03186195405445879,0.8376208591313369,0.9367476381884872,185,0.08743938019900825,0.05845252975204716,0.45715125182351146,0.6899681865094557,809,0.3
300,0.08842368270242461,0.06313489880146993,0.9088642090676279,0.961485507041,75,0.2058404088559553,0.15901495696312284,0.6040986823453778,0.7851155764153398,700,0.1
266,0.06519568278646569,0.04532624079560276,0.9477182416365431,0.9778664436165182,67,0.1644487094539873,0.1267125344462689,0.6869337215700757,0.8451230560385588,700,0.2
233,0.09070844483993715,0.06661145302258063,0.8974949339491078,0.9575825277908611,59,0.13199195150713808,0.10680503397025053,0.7402603101291794,0.8684193674237537,700,0.3
314,0.03459472172967325,0.02322992822641878,0.9838407460122571,0.9935245720991545,79,0.18633749410462416,0.145233846797111,0.6906290358967337,0.8444418105278497,968,0.1
279,0.08066437253212194,0.06086203665070839,0.9114776251093502,0.9624922229542088,70,0.1715781214207017,0.13785897923626994,0.6234781036639658,0.7912190912079168,968,0.2
244,0.040253853230699146,0.028680099600693336,0.9773524932050444,0.9903616915634046,62,0.17605084109336808,0.13821460335229874,0.46395037398202654,0.6825538941678474,968,0.3
834,0.05941725427637926,0.042016543799903994,0.9590571529258654,0.9828718143365107,209,0.16810636802612508,0.12199497894694435,0.63934740924233,0.7997428884253341,932,0.1
741,0.04913765339749965,0.034160320546634024,0.9678157720387142,0.9867204179012288,186,0.1567996223105028,0.12101953470649657,0.6638436918004464,0.8187182389245111,932,0.2
648,0.06816983727697534,0.04885216274929468,0.931471005989552,0.9719631790391783,163,0.15718531902978433,0.11868978967544057,0.6343605482979997,0.7988232662004271,932,0.3
860,0.00808858388880453,0.0018712394569871122,0.9993734015818679,0.999696088538832,215,0.2032772928260966,0.14410140683955935,0.6586536456802237,0.8132648637897084,990,0.1
764,0.036259398123398685,0.021645623768646545,0.9859055899918838,0.9939701868584514,192,0.19165372554219856,0.13846379776911755,0.522808818633486,0.7232336367168328,990,0.2
668,0.0853181816267759,0.05892257797142266,0.9074618654212576,0.9641147215716601,168,0.2030024449770914,0.15077319198755715,0.47426674165253424,0.6890807524460226,990,0.3
403,0.03069889787881972,0.021846694355418767,0.9890098265658797,0.9955297684807528,101,0.17656245917764551,0.1396909799606228,0.6512861919088953,0.813018837592861,951,0.1
358,0.061379601376655255,0.04663438258917293,0.9507979774688822,0.979590648074585,90,0.19778259232927012,0.1485047526615427,0.536010440320678,0.7342580365184252,951,0.2
313,0.059388915865795484,0.04374632813700575,0.9487153062014404,0.9799673905104792,79,0.15686249468485294,0.12387290265487538,0.6774914175427879,0.8284111482434652,951,0.3
563,0.0104779518591803,0.0025000098493552477,0.9988121230297775,0.9994427448072344,141,0.2196206284071315,0.1551077945684925,0.6548260808923327,0.815105811665631,716,0.1
500,0.06940941966147635,0.04548683304229423,0.9449731814955744,0.9778656148581214,126,0.17338520452369627,0.13315965476732947,0.6669999611731341,0.8211623252126088,716,0.2
438,0.007171069155507214,0.0026206458721565887,0.9993743654072058,0.9997182854620192,110,0.16988267966553358,0.12558464601986474,0.6567615952445731,0.8128877563039566,716,0.3
701,0.038366781426287355,0.02571265675837902,0.9839673963731044,0.9934281396798882,176,0.20713603571506553,0.1540465543148569,0.501247609260244,0.7101401516280755,788,0.1
624,0.042011837108676287,0.028890397881456538,0.9775983793685221,0.9912059326415547,156,0.17505149441197537,0.12858170154080398,0.5063918212701528,0.7231081616198183,788,0.2
545,0.06324488229121979,0.040193902148916875,0.9331147902124999,0.9764231910118272,137,0.17503257743314668,0.13019815936998824,0.488344049368698,0.7039441070713602,788,0.3
748,0.05865970814673217,0.04171719391721442,0.9708488628830735,0.9887954479015623,188,0.2338791510269845,0.1802372365352003,0.5411463322422582,0.7363875522029439,819,0.1
665,0.0257401523715767,0.015860404847882745,0.9940646749685508,0.9976799569674302,167,0.23088826705291182,0.1827762245380734,0.4744637833149885,0.6945954940324551,819,0.2
582,0.005815918069680176,0.0024169115221107907,0.9996670091457461,0.9998496096756119,146,0.1919018106534969,0.15346407615072544,0.614417272306804,0.7841542847425873,819,0.3
944,0.02896981487021513,0.018616594636706736,0.9934023974857379,0.9969908161019507,237,0.15820028687827462,0.1139930585007045,0.8040107988337555,0.8967784974881017,924,0.1
840,0.01964612518637073,0.011818868616538419,0.9963274560282174,0.9983594697647591,210,0.15715850003742335,0.11211869993992095,0.7791319767946737,0.8832393120781721,924,0.2
735,0.010515899258594506,0.004253042088721398,0.9984779651204959,0.9993053122611217,184,0.1514679176343163,0.11371403699076493,0.7136574804007103,0.8493560881502489,924,0.3
717,0.12540088124450002,0.09382599084367399,0.8446339548295225,0.9333932549785126,180,0.20669893478993037,0.15875086694825438,0.5744517948498695,0.7582838312037706,601,0.1
637,0.11686098320750953,0.0870394309916805,0.8562575018896568,0.9379926483671477,160,0.1876052410354662,0.14436685487572015,0.5142652860242001,0.7185229473678334,601,0.2
558,0.10783630797724757,0.07913740086871475,0.8715351596462917,0.9431970009161208,140,0.18505740192537426,0.1383851569106591,0.6363196876350129,0.8077454439777523,601,0.3
841,0.018208644634572287,0.006610098341287845,0.9938836465313222,0.9973122850750495,211,0.16056879934420099,0.09139180317328445,0.5570452846617644,0.759865241105532,988,0.1
748,0.04538321655643426,0.023024243493217,0.9591020481367742,0.9833950914277546,187,0.11570585645242697,0.07783171526281378,0.742771574547102,0.8625644808153414,988,0.2
654,0.05704616255882035,0.03202531115486736,0.9387993056720154,0.9747687050632889,164,0.12240495874211632,0.080758524189587,0.6616104288864204,0.8146179072689178,988,0.3
315,0.05452907884075642,0.036674651632829104,0.9686019712224263,0.9863852119980268,79,0.17177831394134285,0.12573483521259152,0.742769144706344,0.8698958598577693,699,0.1
280,0.028658809728467315,0.017085923906494677,0.990542156702966,0.9959689494824325,70,0.16697486491329902,0.13508333905221506,0.7155189088889475,0.8640072785820392,699,0.2
244,0.035720284342937725,0.027521565850193434,0.9820162560781523,0.9925007095162405,62,0.14555401320196684,0.11449950180384673,0.7912533165441317,0.8976986210095186,699,0.3
632,0.018914208210563718,0.009893972024391233,0.9960819492801252,0.9982057704597909,159,0.18478986405346054,0.12540570865565048,0.601140589445416,0.7781014970215367,1004,0.1
562,0.05431700051566349,0.03343853253316975,0.9655769809798367,0.9845260726655278,141,0.13281327709649854,0.09710914760501405,0.7955047842944128,0.8969234859412776,1004,0.2
492,0.012052811460352907,0.0039746838326338765,0.9981795598833831,0.9991434166720456,123,0.15426066870024643,0.1049114811649993,0.673660942128016,0.8342127587600582,1004,0.3
340,0.03059770100737018,0.022149413650045777,0.9911965474059257,0.9965590523390729,86,0.19088973817770652,0.1470403782771691,0.7270966843780111,0.8613321345263034,703,0.1
303,0.09335064072819171,0.06661101588964984,0.9158767758311852,0.9656015667975539,76,0.19314981204799275,0.15577456609808402,0.6130021715564415,0.7838728571681293,703,0.2
265,0.049049499241851736,0.034719671305008366,0.9745437570603007,0.9899908685568675,67,0.18608246558297836,0.1409961739789804,0.6598108981270716,0.821587779651457,703,0.3
72,0.17876942590117584,0.14019215469966992,-2.220446049250313e-16,,18,0.18311830462012632,0.14956898845652844,-0.003575445166555946,,869,0.1
64,0.13802522751362187,0.11578730827634802,-2.220446049250313e-16,,16,0.25492367700757046,0.18082274596643413,-0.10474468032068085,,869,0.2
56,0.13976899131704615,0.11320571113352887,-4.440892098500626e-16,,14,0.2534970057374404,0.18449484668950913,-0.09114608513551814,,869,0.3
76,0.3722722557364335,0.31010694361373026,-2.220446049250313e-16,,19,0.3281980128623734,0.266170155173613,-0.16839963048005702,,559,0.1
67,0.37630225924722077,0.3119229248065253,2.220446049250313e-16,,17,0.3292768695428312,0.25207782524309974,-0.39358808334947604,,559,0.2
59,0.3468614933002325,0.28821830293827994,0.0,,15,0.38322936965902615,0.30694542245893436,-0.6938441309844752,,559,0.3
274,0.010125880577005319,0.005564177339347474,0.998828899982685,0.9994661217887761,69,0.20796218696649535,0.168979534893679,0.6450399865972236,0.809873291154829,1019,0.1
244,0.07578150971158534,0.058077823878388016,0.9308630934232783,0.9698642911742448,61,0.15367419149144054,0.12129048150297309,0.7011511931016214,0.8418099785188484,1019,0.2
213,0.04326756213852681,0.0329686240582426,0.9741204965916263,0.9891380712714659,54,0.15336009557357166,0.11456422477187973,0.7596097152715359,0.8831547518757483,1019,0.3
928,0.07823811013559248,0.056832474594261585,0.9459893513349817,0.9783426014304478,233,0.2145395423089008,0.16329181477612584,0.536823243630124,0.742299082998093,707,0.1
825,0.034018917828817254,0.02410690999467035,0.9881357790385712,0.9952256440852362,207,0.18562857996808865,0.14305373780709457,0.5903591699249747,0.769246863750742,707,0.2
722,0.005041008015444576,0.0018878736933475376,0.9996705925294248,0.9998516924454172,181,0.19252351274051735,0.1541916969371444,0.5897711646668884,0.7700065748384596,707,0.3
746,0.06391752890259547,0.04419749690981901,0.9526345756988865,0.9840812830815587,187,0.2237835472748433,0.174024979971932,0.462192574727209,0.684960505086719,552,0.1
663,0.05214493252509461,0.03462078828557896,0.9616463747422792,0.9880913116224673,166,0.2350794731473983,0.16807051752224972,0.21800773786071603,0.4871329094465103,552,0.2
580,0.07576750130673066,0.0505626071788206,0.9071258868907974,0.9717477284561752,146,0.19967953591665596,0.14633702677302785,0.35352534404410274,0.5991103487567961,552,0.3
681,0.03953168032241525,0.029037608605387163,0.9876536145756803,0.9951938913278178,171,0.2119774537368777,0.16156042272305976,0.6374605054995699,0.7998857973391883,916,0.1
605,0.01648115429521321,0.010727069355226784,0.997727896588521,0.9990761697282463,152,0.23181248105400365,0.17737164642366965,0.6196777397507973,0.7951532961341906,916,0.2
530,0.06842517111719061,0.05004412020595027,0.961700334589634,0.9839874891854129,133,0.20228590842725627,0.15804401349322736,0.654024150433373,0.8198386953768084,916,0.3
620,0.007563169042871701,0.002102987439520038,0.9992546395535518,0.9996450619802832,155,0.14432261459930182,0.10688943244399227,0.7648672760657473,0.879233336906245,1002,0.1
551,0.021393849018962977,0.012082419236416998,0.9931841572740386,0.9970553371652878,138,0.14069442625396458,0.09644419315527669,0.6999631329609937,0.8404699796590217,1002,0.2
482,0.024931531418131973,0.014111649298896,0.9904106273600534,0.9959377227864004,121,0.10919895181723602,0.08247941331114951,0.7583793966477796,0.8718663499201782,1002,0.3
692,0.0153661097954849,0.008568558409505227,0.9963657244243957,0.9984546408175119,173,0.16933996591006373,0.11900537539889033,0.516018304054251,0.7198650628564075,864,0.1
615,0.006679637576842839,0.0020516327836705974,0.9992626157774599,0.9996560183416807,154,0.11089296802132291,0.08216978792451814,0.7531818932181438,0.8703141520349866,864,0.2
538,0.025102421980074632,0.014087658323949093,0.9878700915393446,0.9951651643019941,135,0.15073778210013322,0.10629302660081837,0.6532472341374018,0.8163531408212228,864,0.3
717,0.053027623613485786,0.0390054431778021,0.9752915294578474,0.9894501898708848,180,0.20908156257970797,0.16289617211763072,0.6233243746553105,0.7902307190387895,600,0.1
637,0.05263392923349562,0.03901468206198402,0.9746224231956145,0.989357778276122,160,0.18043952337483535,0.14323915677839416,0.6938999545335174,0.835194893174316,600,0.2
558,0.024692135544377145,0.01622965534264631,0.9941389973607594,0.997491517667327,140,0.20600527447255645,0.1635369654977041,0.6194817930230243,0.7918776065779759,600,0.3
1142,0.05610049267064916,0.04104844881693967,0.9697932636343239,0.9872940925258722,286,0.18338045276729162,0.13775891216867542,0.6623227862121328,0.814491196862695,637,0.1
1015,0.02283130379155548,0.01603027335313078,0.9944400472902868,0.9976648823930742,254,0.17738101435353604,0.13812387578229152,0.6786296415323043,0.8247144168027682,637,0.2
888,0.017776559599079273,0.012288652901588587,0.9962221646794925,0.9984343658956013,223,0.1730401381502993,0.12868538768820934,0.6810218921875539,0.8321174994515717,637,0.3
1245,0.01726421058840455,0.007272082233193226,0.9933562999579787,0.9971352719554986,312,0.10666401549117568,0.06902720702966855,0.6694154700897769,0.8181816116135834,638,0.1
1107,0.06461633948215538,0.0348126610449256,0.8467160107763531,0.9419380442265536,277,0.11852008351159345,0.0722538807794572,0.6005204802345051,0.7941896680036992,638,0.2
968,0.02716038147618973,0.012275330797521428,0.9548254020302805,0.981755160482834,243,0.08714974574708727,0.05329073464103979,0.5789039236837018,0.7637771950882788,638,0.3
