gene_id,train_fraction,5nn-blosum100_any_pears,5nn-blosum100_3to5_pears,5nn-blosum100_5_pears
2,0.1,0.6328200031276285,,
3,0.1,0.34759010161284815,0.4512899994300667,0.7322866686125847
6,0.1,0.37944474693744235,0.29029235151011634,0.8289921788697244
7,0.1,0.10982304968612884,-0.10325975330428858,0.5495558408907377
10,0.1,0.006423545301035126,-0.05780140187764367,-0.34913891615184567
12,0.1,0.5609330112017878,0.05271272560071075,
14,0.1,0.4257179330038698,0.28801285967675927,0.6650329704518945
16,0.1,0.4042097796032251,0.5052016182284571,
17,0.1,0.29148568735417485,0.45181079145751457,0.17964037136130445
21,0.1,0.2195493653237782,0.24515397956135082,-0.0072162717338410814
26,0.1,0.36297643388257506,0.38773792056919676,0.5966641841718693
61,0.1,0.5464864189095529,0.5820658929495086,0.14968580446589344
62,0.1,0.3856170274560233,-0.18752549668635451,
64,0.1,0.3727944202535268,-0.4598856726106575,
65,0.1,0.1943413182774409,0.2465328988146824,1.0
66,0.1,0.1134739417371331,0.3113051352513497,
67,0.1,0.35062729362429834,-0.5448295460297501,
68,0.1,0.2791865390665908,0.18984438178431023,0.5404473795129008
69,0.1,0.4818620027391464,0.32690025678499035,-0.040754328576228634
70,0.1,0.10735586795844798,0.7090097110536976,
71,0.1,0.2835564133958741,0.41817212840048057,0.48385559347352336
72,0.1,0.44850623540713874,0.6780372137786873,-0.37046651883945064
73,0.1,0.42570846702740756,0.0827103593323778,
74,0.1,0.2048265364206052,-0.11163163858780173,
75,0.1,0.29029418192075757,0.2662666583162898,-0.17043450443894317
76,0.1,0.42291650873319486,0.5446217405700365,0.6458171618912555
79,0.1,0.25605792170259334,-0.2840372173130025,
80,0.1,0.2597595980609489,0.29446947936342677,0.5183048565062595
81,0.1,0.1812574986859839,0.16921607740241815,0.5958220547675006
82,0.1,0.30713964827092044,0.5345215436325521,-0.07957249643091434
83,0.1,0.23796587370068395,0.2305427702706149,0.7874400269623846
84,0.1,0.13849612110742346,0.20422953039768105,0.14125760838167192
85,0.1,0.20398756815475114,0.22896909473807447,0.307084308611422
92,0.1,0.35624309775009305,0.4610251044364905,0.37236020378771845
95,0.1,0.18164608091893875,-0.0002444912336698902,
96,0.1,-0.014760352594367686,-0.5327175389438941,
97,0.1,0.1553910971926933,0.7672837682023422,
99,0.1,0.6064369206794876,0.9616213175139441,
100,0.1,0.5124073175381647,0.6942465756905949,0.8681236944845189
104,0.1,0.5151692406913899,0.6068982970733218,0.8043713690395522
105,0.1,0.2608342939667907,0.38347827381743493,
107,0.1,0.5418270224944917,0.6817800020659044,0.9806874519165387
108,0.1,0.6844306992243595,0.8924280413363576,
109,0.1,0.5719935555262113,0.6525883053026286,0.622790830655278
110,0.1,-0.01049700028360971,0.2512496817775642,
111,0.1,0.06282355459181177,-0.10596711898112011,
112,0.1,0.5902642425047305,,
113,0.1,0.19803271688012342,,
114,0.1,0.305264449451531,,
115,0.1,0.018661026821838227,,
116,0.1,0.44014266447338274,,
117,0.1,-0.13214494223108997,,
118,0.1,-0.08079588893753639,,
119,0.1,0.3275455152820402,,
120,0.1,0.25531423407381065,,
121,0.1,,,
122,0.1,,,
123,0.1,0.13390007297516965,0.17770791071083206,-0.28158340466533166
124,0.1,0.07029230438110844,0.19896226249230253,
125,0.1,0.13218036142157516,0.045044089128180836,
127,0.1,0.5558661263367419,0.6095577096351746,0.198084082439862
128,0.1,0.5446490119872782,0.4171125566282894,0.2324606170449365
130,0.1,0.4597363990236096,0.4779854435709227,0.22561093209924082
132,0.1,0.25449390273160766,,
133,0.1,0.37406661506272937,0.34611349992119755,0.26263968993772185
135,0.1,0.2924797921138967,0.27052152992321543,
150,0.1,0.24416225525792512,,
161,0.1,0.3513123742397782,-1.0,
163,0.1,0.49374259396098574,0.6191274248812711,0.5354203195502709
164,0.1,0.42699098546380726,0.5742402600381952,0.6009550378604473
165,0.1,0.4162506313279824,0.5027537638431171,0.7193712881757429
194,0.1,0.1743595963418056,-0.2305861786030284,
195,0.1,,,
197,0.1,0.3758949833993961,0.5823036510034598,0.2929622575503569
205,0.1,-0.11432502436940356,0.1821554318541349,
206,0.1,0.45131878934891456,0.5018652289762296,
207,0.1,-0.12934054309222986,,
2,0.2,0.6003410230503883,1.0,
3,0.2,0.4936547157049681,0.6182257556954492,0.6628497320564901
6,0.2,0.4441334591611921,0.4728577232184653,0.2447244568506783
7,0.2,-0.009410336970032858,-0.007102510567331022,-0.05158769206415505
10,0.2,0.11263578929048694,0.19479124886195906,0.1787416852892695
12,0.2,0.6976863359472424,0.6944405462592982,0.7812954419921195
14,0.2,0.3574090628993937,0.42213370802945427,0.6170884326209924
16,0.2,0.32454056629396094,0.3626282123302711,0.5197443417676808
17,0.2,0.25408911961998204,0.3718548370493145,0.5563233348024206
21,0.2,0.22094666423549428,0.2711369826368404,0.37557459939698057
26,0.2,0.44408184173387133,0.36152749561670294,0.4466966394990856
61,0.2,0.5591282562627939,0.5235932836018545,0.37991603169009847
62,0.2,0.3021143778926569,0.48145341241362466,0.7960384243241919
64,0.2,0.3441736431013849,0.5954099478818864,0.20545269089423454
65,0.2,0.5388503261101755,0.6093290885336021,0.7440913658916547
66,0.2,0.3075274976677554,0.28840896315338,0.43430076699686465
67,0.2,0.361510245608286,0.3057589493405868,-0.07353760391179959
68,0.2,0.3588343069446958,0.4401110255717057,0.6846514312820112
69,0.2,0.5086527765036829,0.5286478745814487,0.5616584413589187
70,0.2,0.33109893668744916,0.0995137264712407,0.08967523797071192
71,0.2,0.2392140098416041,0.28885886457202975,0.43500724148909026
72,0.2,0.5045530586602173,0.6096663562981358,0.7919565723789204
73,0.2,0.4171504018222964,0.4743252396563693,0.43704981954892663
74,0.2,0.21459069779277906,0.12466022725297789,0.10546977662061041
75,0.2,0.5161852280412819,0.6292597525354046,-0.05333671434042874
76,0.2,0.30714856757102077,0.34292661375851946,0.2771673326306608
79,0.2,0.14577848759892537,0.007438633111084669,-0.1170596529278998
80,0.2,0.22193670659145426,0.2930409436686489,0.3176253251681035
81,0.2,0.26010858849101565,0.30321448788213157,0.25666151885543803
82,0.2,0.2928826104493531,0.3074145058408421,0.24246027957676564
83,0.2,0.17956470934496763,0.17110790907392048,0.18524780783304545
84,0.2,0.20517265290711117,0.16745949780584304,0.24169332214157327
85,0.2,0.2072828618022482,0.24460107966192401,0.26573138147807
92,0.2,0.36713774284002315,0.3656517416551828,0.35672062463496396
95,0.2,-0.026023840253108065,0.019022040356101638,0.41327444273139813
96,0.2,0.46654328602219264,0.48735073308188115,0.474880130367042
97,0.2,0.14525736335602027,0.20626219523678685,
99,0.2,0.7473662147507956,0.7839378476365806,0.9510472271373438
100,0.2,0.5289032873651206,0.52047389860604,0.512589391912274
104,0.2,0.5541923539665744,0.5137731944322834,0.2941654792817612
105,0.2,0.3624346881884979,0.37729239832409717,0.38598600882961237
107,0.2,0.6157249562272424,0.5826149779767229,0.4678935260144079
108,0.2,0.5347806234394896,0.6114870065649556,0.4055975647899685
109,0.2,0.5068700537136381,0.5613025535079476,0.6334391641972589
110,0.2,-0.19888207687218484,-0.17928652020796887,-0.1107750259126185
111,0.2,0.33908073416059714,0.4259757559550078,0.037212534335112575
112,0.2,0.513251025672617,-1.0,
113,0.2,0.4886768703080198,0.7289691149585795,
114,0.2,0.46061520283693613,0.8372769264010008,
115,0.2,0.0250702185488725,,
116,0.2,0.5097260645806142,0.4707413866777287,
117,0.2,0.29687957783067787,0.16511316741033494,
118,0.2,0.38908361401838704,-0.8414863759267608,
119,0.2,0.47314362769329577,0.6626162600589356,
120,0.2,0.450182853391741,0.27964043172010206,
121,0.2,,,
122,0.2,,,
123,0.2,0.20629442320341893,0.2067394220853095,0.2996944451674601
124,0.2,0.01763048155287075,0.09559785454393949,0.5141329882993765
125,0.2,0.08787804553318006,0.08488729518675335,-0.061017122406545776
127,0.2,0.6106831372702188,0.6077925797906385,0.6398929313227439
128,0.2,0.6102275897446435,0.6372832238458301,0.6378072778425967
130,0.2,0.7346880521694158,0.762608302507079,0.7390523667264762
132,0.2,0.043630204159577815,0.5371216676610491,
133,0.2,0.4493094625261452,0.49992007394139115,0.6954031641622377
135,0.2,0.2262678461681461,0.3008933999190959,0.09068643943190093
150,0.2,0.21061605258184063,0.05372101646502801,
161,0.2,0.3507179801887945,0.3886683622397012,
163,0.2,0.5122965505066102,0.5688044095637792,0.6430301351793712
164,0.2,0.4833720701931132,0.5554207573229412,0.5580462977182095
165,0.2,0.5350622607290443,0.5973805540203458,0.5996601220072331
194,0.2,-0.16627108459217207,-0.20987757699695345,0.3298287242861522
195,0.2,0.9189975873762399,,
197,0.2,0.49141295553689435,0.5442319503441175,0.5699823821905413
205,0.2,0.006791836672247746,0.006791836672247746,0.5932419932465764
206,0.2,0.07913610273672225,-0.05787412224805036,-0.2841064042495637
207,0.2,-0.008318582936153635,0.07882459980740217,0.23974785030042645
2,0.3,0.44728278868193433,0.3200948567669947,1.0
3,0.3,0.5327574131152274,0.5258828849763125,0.6429323945188562
6,0.3,0.5494919039249422,0.5533474977563502,0.6371218580040293
7,0.3,0.0569986641090742,0.04252784882576265,-0.006653738531480348
10,0.3,0.1252788446286274,0.1004766050099307,0.1095833439517141
12,0.3,0.7559190276630922,0.7838169998353405,0.7539934660206267
14,0.3,0.4288096262589528,0.4524717701026637,0.585607860735026
16,0.3,0.4516280774212272,0.47367047946058455,0.44516358700574643
17,0.3,0.2916299834535768,0.3023673334528922,0.3298630480786281
21,0.3,0.2907992110641156,0.3220559826261827,0.29451659997313734
26,0.3,0.47527839121459114,0.5743041304256215,0.5585733615887043
61,0.3,0.5922460167206149,0.6176488179216113,0.5478324932499531
62,0.3,0.4711828470276761,0.48250231907299873,0.507556339781228
64,0.3,0.696674409728662,0.6749155215738827,0.7451554316695252
65,0.3,0.5710331338088946,0.6271668890589653,0.6385104485814093
66,0.3,0.2585920791948947,0.2586331053035319,0.2570202847307525
67,0.3,0.46179369921979324,0.5924524768361537,0.3557894128917999
68,0.3,0.39320475700780333,0.4384081477056494,0.4897809657470622
69,0.3,0.608584983466077,0.6228940805351555,0.699724175489858
70,0.3,0.3662439033554857,0.45143622663117433,0.3966770539570991
71,0.3,0.40696805000682157,0.43269821023941396,0.3009480027933412
72,0.3,0.5658657464452576,0.6159934232688339,0.6811295943228783
73,0.3,0.41962177916269366,0.35805797541367146,0.3546557410926915
74,0.3,0.19751279040475414,0.23832886606195938,0.4092996169481984
75,0.3,0.6687744123056106,0.7022258088756819,0.7510857395568724
76,0.3,0.3928765300809244,0.3994612499868643,0.45838967914666573
79,0.3,0.3782825979460131,0.3782825979460131,0.3667003594624706
80,0.3,0.2568265569695246,0.2848402007007856,0.29997918578338484
81,0.3,0.25049627419370285,0.23804261499831095,0.27344351155580754
82,0.3,0.35793520994505335,0.39322131103502767,0.4039237261735564
83,0.3,0.20868069407633955,0.2312761350597017,0.2650708073352448
84,0.3,0.22551323893755948,0.24189024529935685,0.21597255116774192
85,0.3,0.23925747855886417,0.22942743574876825,0.2193994661181328
92,0.3,0.4097075113830458,0.41553248869910614,0.42753115769486316
95,0.3,0.2885526302918562,0.2196530842807527,-0.19099711204729913
96,0.3,0.17558937376079312,0.28311951181091316,0.4522989585549609
97,0.3,0.29854323069152927,0.3254141854098081,0.8626933925240443
99,0.3,0.7381102219324781,0.7332245014075541,0.8919905715071587
100,0.3,0.5285501739383865,0.6091107737130041,0.5972424558393425
104,0.3,0.5897975337331995,0.5688094532376708,0.6334437220214285
105,0.3,0.3798894889237822,0.3880035163532869,0.4452617123047821
107,0.3,0.6626436996175187,0.6530699565893002,0.7198040725250089
108,0.3,0.5384292236483973,0.5466928086067724,0.5366664437795855
109,0.3,0.5765323037030335,0.6038206107872389,0.5803977183762611
110,0.3,0.33921009416954623,0.29412447483033977,0.19561072296383558
111,0.3,-0.022816296489224633,-0.037756859902613085,-0.0013919962535499375
112,0.3,0.3638869941020991,0.8622067248029341,
113,0.3,0.38061620379627226,0.25242383079576924,
114,0.3,0.4902181790360849,0.7922874936011264,
115,0.3,0.3751647393709522,0.5710643416343887,
116,0.3,-0.2656483922882481,-0.5025339244332214,
117,0.3,-0.21739704517184985,0.3463719821150698,
118,0.3,0.11657192907162167,0.3036237049096312,
119,0.3,0.31003357891427796,0.7351732401784019,
120,0.3,0.3512659862870685,0.5610196182507156,
121,0.3,1.0,,
122,0.3,,,
123,0.3,0.0913279912333351,0.12473834791404073,0.1501207575499775
124,0.3,0.06090415520427659,0.05530923059838012,0.069163979579747
125,0.3,0.19756368825207996,0.23376252891090704,0.11190575744884584
127,0.3,0.6328510296937877,0.6556181214139788,0.6598541609078584
128,0.3,0.5852391105758158,0.5850085269772755,0.5956175977549966
130,0.3,0.6256892263334284,0.6937239440282793,0.7533606787705679
132,0.3,-0.05616523388902364,0.08587631658497676,
133,0.3,0.3941530420193528,0.38020214341190084,0.3091037260695522
135,0.3,0.19964275556182515,0.20580050347424425,0.2219378544784514
150,0.3,0.4101056437472676,0.4368670145482909,
161,0.3,0.41954655211614983,0.5103787330710613,
163,0.3,0.6013703687106374,0.6101376016251308,0.6151306597606331
164,0.3,0.5101805296626352,0.49368272780048794,0.4378052420463331
165,0.3,0.4963793497092799,0.5014130550231279,0.5247024388339643
194,0.3,0.16749393125967027,0.16749393125967027,0.1368990609888292
195,0.3,0.8909769636753813,,
197,0.3,0.49061433616837635,0.5524246773931197,0.6045054069177713
205,0.3,0.2160985415290021,0.2160985415290021,0.3349544450176676
206,0.3,-0.01560123213390946,-0.01560123213390946,0.7740327019036216
207,0.3,0.388527569955736,0.388527569955736,0.37059258643437715
2,0.4,0.7063920593067566,0.6760970786700273,
3,0.4,0.5267721822871266,0.52666002971797,0.548147143529655
6,0.4,0.5382984680637471,0.5382984680637471,0.5450083278732566
7,0.4,0.12394120554992574,0.11941774047440111,0.16558121965267636
10,0.4,0.0701719908422994,0.0718439393591523,0.10350783426580014
12,0.4,0.7125537108672575,0.7125537108672575,0.7199933184214006
14,0.4,0.44654962398543463,0.48646717175170895,0.48319324821579873
16,0.4,0.42579154922308343,0.4253013786034766,0.3962807785155834
17,0.4,0.2970256688718315,0.3483192984893464,0.3712183605962877
21,0.4,0.2627135458299245,0.264616768704803,0.3196302401704343
26,0.4,0.4510610823139189,0.4680460788875726,0.49211149187488346
61,0.4,0.6055377342081801,0.618445513172481,0.5841823293646101
62,0.4,0.16001746283558183,0.16001746283558183,0.2856777444203773
64,0.4,0.6220349194311084,0.6220349194311084,0.6193621626234578
65,0.4,0.5707894377792172,0.5841087078016456,0.4591977701812665
66,0.4,0.3024072096940676,0.335256858360529,0.36752071203235676
67,0.4,0.5053878361910922,0.5335487615545456,0.4778487167145505
68,0.4,0.4826484949366941,0.5220791600229787,0.4951354067728407
69,0.4,0.648573243379283,0.6470499224167552,0.6649253334712504
70,0.4,0.3685449152735609,0.3337098917904032,0.32093546014397634
71,0.4,0.2969113561487729,0.32054527798477095,0.3712797400577436
72,0.4,0.6122858954777608,0.6130287410120097,0.7251861067819588
73,0.4,0.3980610045901831,0.41480212432647556,0.4866558853812311
74,0.4,0.358125554363447,0.3586844782743405,0.3142315280508735
75,0.4,0.6910322816360503,0.6937221936407928,0.7163859154005935
76,0.4,0.4675728077440843,0.45644865455531725,0.40764297156040635
79,0.4,0.046912532885013354,0.046912532885013354,0.007814862867993797
80,0.4,0.27564683047008925,0.2792033020471525,0.29549359467215847
81,0.4,0.34061224605797114,0.3505300769980865,0.3413418805903155
82,0.4,0.402017528276603,0.40250690875210426,0.4407452677822316
83,0.4,0.26459978508734994,0.26583077878124495,0.25848718188943487
84,0.4,0.21041648560459217,0.21383629387836994,0.2425104815756492
85,0.4,0.17283073036791236,0.1716879317921952,0.17016384974223234
92,0.4,0.4619833505942768,0.4544355156360675,0.460470433854727
95,0.4,0.31102928923804724,0.29606820053330474,0.2724953674838466
96,0.4,0.4420270178785224,0.45730836239741446,0.36133850029511744
97,0.4,0.4596075088899254,0.4596075088899254,0.46895558410278476
99,0.4,0.7312361057623054,0.7307080225522846,0.7279177091516376
100,0.4,0.6126084545958943,0.6180498226239548,0.6196255499076712
104,0.4,0.6559203273018898,0.6511072270976991,0.6560184090578781
105,0.4,0.5059692043618915,0.5059692043618915,0.4839881860303257
107,0.4,0.7531630952847321,0.7548598833528449,0.7569252294384509
108,0.4,0.6104353703099307,0.6355144513648727,0.6357539866121464
109,0.4,0.5906543638395558,0.5815027768137985,0.6127346204190266
110,0.4,0.193274608827283,0.2923247777246894,0.2480525471497834
111,0.4,0.01113016286685941,0.01113016286685941,-0.016295276850202836
112,0.4,0.557344529374246,0.6918255933688453,0.9347483532548511
113,0.4,0.41369107146733863,0.6163777610342416,0.972864960359247
114,0.4,0.4731693483062176,0.627459770648693,1.0
115,0.4,0.02108617271696461,0.5837968721029184,1.0
116,0.4,0.08242404556020012,-0.3387879045305837,
117,0.4,0.4908256550293884,0.19520506631898615,0.6167399235429495
118,0.4,0.6624358643917764,0.6408655309742687,
119,0.4,0.425489919863015,0.850806151797715,1.0
120,0.4,0.35287968017655047,0.546523481876708,1.0
121,0.4,,,
122,0.4,1.0,,
123,0.4,0.1865651812021263,0.18160584632490578,0.2453779411732564
124,0.4,0.03756562775007354,0.04319567947195545,0.09575356120683971
125,0.4,0.12625617764102373,0.09356853488748483,0.02019948178001441
127,0.4,0.680441887778794,0.6816219393592782,0.6815192349332119
128,0.4,0.6285711748369774,0.6245433064172699,0.6184188843955221
130,0.4,0.5410948109829751,0.46966650308186053,0.449888387753634
132,0.4,0.09967473465986205,0.10180493482335944,0.9508406657128933
133,0.4,0.402005675771474,0.39638855926092603,0.3926100938150275
135,0.4,0.30014270909247087,0.31985466241282506,0.17707734143482654
150,0.4,0.3605377201935735,0.2965338605271998,
161,0.4,0.4057580448401522,0.5422333249206434,0.6003605369505467
163,0.4,0.5815772617334848,0.5924910978968475,0.6412352449191415
164,0.4,0.5621178674305529,0.5884099018368496,0.5807878471737683
165,0.4,0.5641080963229854,0.5684564215499732,0.5630660061314819
194,0.4,0.05621354814617202,0.05621354814617202,0.05621354814617202
195,0.4,-0.6195324545393568,,
197,0.4,0.5583070917264209,0.5878912575791504,0.6336200185874633
205,0.4,0.031573963222270386,0.031573963222270386,0.05053944884571974
206,0.4,-0.03763966705388647,-0.03763966705388647,-0.05263563400850253
207,0.4,0.2061966018015826,0.2061966018015826,0.2061966018015826
2,0.5,0.5712013487671554,0.675642332054908,-0.2492990685939384
3,0.5,0.5431688803256354,0.5452988030527856,0.5494730198885114
6,0.5,0.5491236672510657,0.5491236672510657,0.5424257726313779
7,0.5,0.11759005088920373,0.11096493969805839,0.10447142140917899
10,0.5,0.1186878364612516,0.12467966311661426,0.12545952628902396
12,0.5,0.7532134644631873,0.7532134644631873,0.7483851016847922
14,0.5,0.38503911391459933,0.3855066432273558,0.4003701590490519
16,0.5,0.5300432037826853,0.5442490754690955,0.5191682810673458
17,0.5,0.32860078683522426,0.32992716971561015,0.3821188946275597
21,0.5,0.30514758764545186,0.31039837584803687,0.3322921043680007
26,0.5,0.4827008065760215,0.48299028366155966,0.4972538835036782
61,0.5,0.6503465985713351,0.6549788942829422,0.5988322357184537
62,0.5,0.6422109800815864,0.6422109800815864,0.6422109800815864
64,0.5,0.6083157568533948,0.5648925668357871,0.5648925668357871
65,0.5,0.6946530016073558,0.6942316127732352,0.7118186718836054
66,0.5,0.3877302393613464,0.3884345124604931,0.35621586899878815
67,0.5,0.5234702306458672,0.5260291208264049,0.5536481891324034
68,0.5,0.5350629015020664,0.5454036014203973,0.608843832523702
69,0.5,0.6639916573130752,0.6663800500314143,0.6647402262544717
70,0.5,0.4950239222908759,0.4963044623033343,0.5168712048154414
71,0.5,0.3512269661916057,0.3512269661916057,0.33764310965053196
72,0.5,0.6337495039033458,0.6338675320806116,0.646414501165751
73,0.5,0.5111924370152104,0.5085654825568384,0.5142097358593993
74,0.5,0.36115757439394436,0.36115757439394436,0.39172221736780355
75,0.5,0.7749522573033274,0.7769476108518896,0.7783927094130313
76,0.5,0.3927385867745836,0.3927385867745836,0.41139870655751487
79,0.5,0.2512609228554181,0.2512609228554181,0.2512609228554181
80,0.5,0.30692290124194066,0.3059176609694096,0.29920535314425584
81,0.5,0.36593274800823894,0.36593274800823894,0.3767800315874914
82,0.5,0.3933437642244379,0.3923942164867728,0.3909172895194601
83,0.5,0.3481299176412088,0.3481299176412088,0.3590244320552084
84,0.5,0.2950785580912081,0.2948438906957634,0.2927845692691091
85,0.5,0.2533348881025878,0.2533348881025878,0.2594671506465763
92,0.5,0.44148512810084223,0.4422165654186559,0.44019161736034296
95,0.5,0.5183450573672304,0.5183450573672304,0.5183450573672304
96,0.5,0.4152947108200267,0.4152947108200267,0.3919180672752195
97,0.5,0.6084119749686052,0.6084119749686052,0.724957737336314
99,0.5,0.6653496286292127,0.6653496286292127,0.6640691040297686
100,0.5,0.6104375049809138,0.6184577898326109,0.6118112387057589
104,0.5,0.7072817493035048,0.713140308519219,0.7134677046616262
105,0.5,0.40473203459362095,0.40473203459362095,0.4142214496659987
107,0.5,0.7399463607691079,0.7399463607691079,0.7417821264077852
108,0.5,0.6333153283950321,0.6333153283950321,0.826499733187589
109,0.5,0.6254271803558734,0.6306062873706497,0.6404227192126577
110,0.5,0.4492903712065383,0.4492903712065383,0.4364000680204417
111,0.5,0.29711712567967047,0.3091642386695293,0.31561168136164197
112,0.5,0.48290361583715746,0.7619358583467836,0.7164982519173858
113,0.5,0.4784335019418598,0.4791712817983651,-0.9734993691998665
114,0.5,0.4288557640773249,0.4462254068920672,-0.27833651466257486
115,0.5,0.5503285019634665,0.6255020203276552,0.9373143912539683
116,0.5,0.007966419822573428,0.12474878193280316,-0.8037601867430093
117,0.5,-0.132235376828422,0.04383155729177471,0.2634206034316794
118,0.5,0.7056276799760317,0.2552988972656203,0.9324202906503367
119,0.5,0.4414303854143951,0.19220717608308993,0.4614568601622887
120,0.5,0.6060724445811011,0.85874496112761,-0.06612483797369767
121,0.5,0.01705010026606235,,
122,0.5,,,
123,0.5,0.13251334304023954,0.13251334304023954,0.14793733283297103
124,0.5,0.07932550297098806,0.10419222324677616,0.09519398997332337
125,0.5,0.1801968373012645,0.1570015298826806,0.13355149449455495
127,0.5,0.6964092664690993,0.6969418892460892,0.6876232611888742
128,0.5,0.6422148746952986,0.6422148746952986,0.6388166150530422
130,0.5,0.6003789826472302,0.6003789826472302,0.6003789826472302
132,0.5,0.13251372249438378,0.3081524911149799,-0.9273492319836463
133,0.5,0.5932672763706062,0.5932672763706062,0.6311177322038036
135,0.5,0.30474817293233813,0.26601575701569424,0.22690116912819563
150,0.5,0.29817173213765036,0.4956590472195773,-0.0986826882029021
161,0.5,0.48215764111667136,0.33131257726471847,0.8953904607717977
163,0.5,0.6181236447032128,0.6363675511628605,0.6596279758437177
164,0.5,0.601313089217101,0.6023767758648757,0.6019086583473654
165,0.5,0.5862232647862,0.5856858749666394,0.5852792292892496
194,0.5,-0.01894724176212977,-0.01894724176212977,-0.01894724176212977
195,0.5,0.9455505071035047,,
197,0.5,0.6049731092528772,0.6328079421219271,0.6250328257328241
205,0.5,0.0840295205789729,0.0840295205789729,0.0840295205789729
206,0.5,-0.11344712622814045,-0.11344712622814045,-0.11344712622814045
207,0.5,0.033966590461644845,0.033966590461644845,0.033966590461644845
2,0.6,0.48987644395686847,0.42293988790129394,0.09392202959712022
3,0.6,0.569508273191067,0.569508273191067,0.569508273191067
6,0.6,0.5975037992341847,0.5975037992341847,0.5975037992341847
7,0.6,0.05781851637980105,0.05781851637980105,0.06637481857101916
10,0.6,0.142772883449378,0.142772883449378,0.14924913629400102
12,0.6,0.7527278648496727,0.7527278648496727,0.7527278648496727
14,0.6,0.44954549687433376,0.4750453018499524,0.4931606616166152
16,0.6,0.5093394826638591,0.5041955025784904,0.49112998632770255
17,0.6,0.3349487953131117,0.34715297856792154,0.3525453869621839
21,0.6,0.28610546417687766,0.2866406702514704,0.3030466586990236
26,0.6,0.5282047453640525,0.5326669509856813,0.5327719232967725
61,0.6,0.6353572225617642,0.6449286230965847,0.6394013031029707
62,0.6,0.5571988571796055,0.5571988571796055,0.5571988571796055
64,0.6,0.6896175384277383,0.6589814533708678,0.6589814533708678
65,0.6,0.6786145482764161,0.7118549768056824,0.7109605427287068
66,0.6,0.27053096236698454,0.28817614259868873,0.28646364138513947
67,0.6,0.5466174017395867,0.5483082685403707,0.4049971134530028
68,0.6,0.6394374636609305,0.6394374636609305,0.6394374636609305
69,0.6,0.6545232791160608,0.6545232791160608,0.6543643825321386
70,0.6,0.5318748701395358,0.5329648779422561,0.5482539093568596
71,0.6,0.28924389821776647,0.28924389821776647,0.2671648419004013
72,0.6,0.7237217759420342,0.7237217759420342,0.7289336620475941
73,0.6,0.5382459063570825,0.5382459063570825,0.5415936430314751
74,0.6,0.37656783450632847,0.37656783450632847,0.37656783450632847
75,0.6,0.734211726609518,0.734211726609518,0.745689489844869
76,0.6,0.60835561045161,0.60835561045161,0.5982444233470371
79,0.6,0.6101893925106128,0.6101893925106128,0.6101893925106128
80,0.6,0.35683452292771883,0.35683452292771883,0.35566317022345234
81,0.6,0.3750480737471539,0.3750480737471539,0.3750480737471539
82,0.6,0.4298142746019895,0.4298142746019895,0.4298142746019895
83,0.6,0.3523744088308815,0.3523744088308815,0.3523744088308815
84,0.6,0.2974699509632927,0.2974699509632927,0.2974699509632927
85,0.6,0.19943663979735252,0.19943663979735252,0.19943663979735252
92,0.6,0.45825461630738545,0.45825461630738545,0.4533811731316225
95,0.6,0.587265715494033,0.587265715494033,0.587265715494033
96,0.6,0.5000312603794624,0.5000312603794624,0.5000312603794624
97,0.6,0.5125469055442913,0.5125469055442913,0.49765385261663475
99,0.6,0.7356071621802599,0.7356071621802599,0.7356071621802599
100,0.6,0.6354941920210287,0.6402740055423262,0.6429021959968212
104,0.6,0.7539479777849426,0.7539479777849426,0.7539479777849426
105,0.6,0.45109348844876845,0.45109348844876845,0.44554850171995475
107,0.6,0.7465220604658016,0.7465220604658016,0.7465220604658016
108,0.6,0.735921628259202,0.771470421044607,0.771470421044607
109,0.6,0.6662164563051823,0.6662164563051823,0.6727099439896678
110,0.6,0.5217032355263677,0.5217032355263677,0.5287762583780324
111,0.6,0.2340029444422606,0.2340029444422606,0.2340029444422606
112,0.6,0.6913286609091935,0.8432769853504505,0.8815739569937269
113,0.6,0.6378809344936412,0.6734365012937716,0.9101624147036556
114,0.6,0.5075545325725505,0.5806728131952311,0.279868560559756
115,0.6,0.4992093157935765,0.20255553687170577,0.3436366000242846
116,0.6,0.3906232966586599,0.1737296387955019,0.12886272286190492
117,0.6,0.3844814224541171,0.4394362979637237,-0.22109069644291418
118,0.6,0.6865853305041664,0.4507102493342653,0.5320129527837125
119,0.6,0.32425705436380575,0.7185021593975196,0.3484002222672301
120,0.6,0.6824121185614488,0.737881336002145,0.5447970913154576
121,0.6,-1.0,,
122,0.6,-1.0,,
123,0.6,0.20099521342075907,0.20099521342075907,0.2058521502273005
124,0.6,0.05416410981926593,0.048950901596705315,0.07512858741540004
125,0.6,0.1151827506595826,0.11149906750786327,0.08926727604886349
127,0.6,0.697560949177143,0.697560949177143,0.697560949177143
128,0.6,0.6364877613285737,0.6364877613285737,0.6360044427378314
130,0.6,0.6688752402171986,0.6688752402171986,0.6688752402171986
132,0.6,0.12225824052492577,0.056855691816773274,-0.20718235906885282
133,0.6,0.6010529722490994,0.5952969852924119,0.5958955572921354
135,0.6,0.3545275532582194,0.33860381572719805,0.2723950511089618
150,0.6,0.36954506625116706,0.4593608557476587,0.12488285058373545
161,0.6,0.3929446533485439,0.5116032071075217,0.45840359948665116
163,0.6,0.6429285428504591,0.6535573087511831,0.6952631686860081
164,0.6,0.6287683177706166,0.6300966754416928,0.6412189976983939
165,0.6,0.5571603050747874,0.5571603050747874,0.5571603050747874
194,0.6,-0.03829756127434876,-0.03829756127434876,-0.03829756127434876
195,0.6,0.9405314390574175,,
197,0.6,0.5819024610268626,0.5898552038124263,0.5824474864519872
205,0.6,0.13164573242220198,0.13164573242220198,0.13164573242220198
206,0.6,0.5080112554868828,0.5080112554868828,0.5080112554868828
207,0.6,0.7014232264004635,0.7014232264004635,0.7014232264004635
2,0.7,0.4680560774901266,0.5664297702200952,-0.8568553601032668
3,0.7,0.584143120956645,0.584143120956645,0.584143120956645
6,0.7,0.6343183971394197,0.6343183971394197,0.6343183971394197
7,0.7,0.14698921064366421,0.14698921064366421,0.14698921064366421
10,0.7,0.09256056418244651,0.09256056418244651,0.09063584374638362
12,0.7,0.7372353388334326,0.7372353388334326,0.7372353388334326
14,0.7,0.501682117875836,0.5185065572050677,0.5319337720855258
16,0.7,0.5121085212010088,0.49729552209924377,0.4619018407736267
17,0.7,0.35461521591722783,0.3562794680158177,0.36161840080464036
21,0.7,0.3251901851011387,0.32685280560397156,0.34355235902247333
26,0.7,0.5623864477411792,0.5623864477411792,0.5618548861426783
61,0.7,0.6724066400747518,0.6719246942643737,0.6784569352925613
62,0.7,0.08329999510432208,0.08329999510432208,0.08329999510432208
64,0.7,0.7271258716309011,0.7034840658721863,0.7034840658721863
65,0.7,0.6628011025372663,0.6628011025372663,0.6725423935209697
66,0.7,0.36871500601048024,0.44040523397421666,0.46628626389662864
67,0.7,0.6314088052939402,0.63338223743774,0.6331351657952613
68,0.7,0.6331982155526876,0.6331982155526876,0.6331982155526876
69,0.7,0.7382778469301511,0.7379231582197929,0.7374781425913643
70,0.7,0.4541975516448541,0.4525503912698238,0.39873679581515725
71,0.7,0.44163660204655625,0.44163660204655625,0.45662348313441165
72,0.7,0.7267571222680832,0.7267571222680832,0.7275844507635296
73,0.7,0.5807742991595868,0.5807742991595868,0.5807742991595868
74,0.7,0.5211311119654795,0.5211311119654795,0.5211311119654795
75,0.7,0.7666971591885141,0.7723279533130712,0.7723279533130712
76,0.7,0.5494389771446907,0.5494389771446907,0.5494389771446907
79,0.7,0.43693644762194217,0.43693644762194217,0.43693644762194217
80,0.7,0.3528834939274066,0.3528834939274066,0.3525687959059931
81,0.7,0.4335858167179863,0.4335858167179863,0.4335858167179863
82,0.7,0.45195193294534597,0.45195193294534597,0.45195193294534597
83,0.7,0.36718570191304556,0.36718570191304556,0.36718570191304556
84,0.7,0.3088889090507827,0.3088889090507827,0.3088889090507827
85,0.7,0.1995130591293831,0.1995130591293831,0.1995130591293831
92,0.7,0.5070030399558636,0.5070030399558636,0.5073390053727805
95,0.7,0.4688781727654999,0.4688781727654999,0.4688781727654999
96,0.7,0.6705972606482586,0.6705972606482586,0.6705972606482586
97,0.7,0.6195241036304135,0.6195241036304135,0.6195241036304135
99,0.7,0.7189096075987667,0.7189096075987667,0.7189096075987667
100,0.7,0.6406386346317817,0.6508712416375348,0.653764508108078
104,0.7,0.7714825912768835,0.7714825912768835,0.7714825912768835
105,0.7,0.5176228870595979,0.5176228870595979,0.5176228870595979
107,0.7,0.7639521569268592,0.7639521569268592,0.7639521569268592
108,0.7,0.7818370342566627,0.7818370342566627,0.7818370342566627
109,0.7,0.6305903911174694,0.6305903911174694,0.6305903911174694
110,0.7,0.7246803319498644,0.7246803319498644,0.7246803319498644
111,0.7,0.0358896305836645,0.0358896305836645,0.0358896305836645
112,0.7,0.5633591878985116,0.5986375177579544,0.9008589655210564
113,0.7,0.5331115456041117,0.5423969407930256,0.9237119649715015
114,0.7,0.4414186337839335,0.378945151608321,0.21846726542312808
115,0.7,0.42956594928068287,0.478471774354315,0.18282043190951697
116,0.7,0.16982907742889108,0.3088019479209961,-0.1854635577575072
117,0.7,0.3899630200616919,0.46683263709733486,0.8129064700940755
118,0.7,0.6498609090344424,0.6792507521898213,0.814693357484884
119,0.7,0.35805228631122377,0.3536920785197844,0.3923550004040506
120,0.7,0.592131825464731,0.6604388105880781,0.6800692169600796
121,0.7,-0.6308595846275443,,
122,0.7,-0.4101278219143122,,
123,0.7,0.20772358358422738,0.20772358358422738,0.22428059134053224
124,0.7,0.08298862780718118,0.08158105930476953,0.08421271195476775
125,0.7,0.16590817517207668,0.16590817517207668,0.16115130417881504
127,0.7,0.7003155053871584,0.7003155053871584,0.7003155053871584
128,0.7,0.6415630415954432,0.6415630415954432,0.6415630415954432
130,0.7,0.6373562204589588,0.6373562204589588,0.6373562204589588
132,0.7,0.09252524414194502,0.0446982768997474,0.34509579517736116
133,0.7,0.645609318723324,0.6452330700785266,0.6500464761138012
135,0.7,0.3652751678873442,0.35045027819441404,0.27619657477800696
150,0.7,0.37665658216886133,0.4165847333613477,0.19796563520770136
161,0.7,0.43343655598584724,0.4318238062395079,0.2965648125139546
163,0.7,0.6794781823809487,0.6797241376093637,0.680572950476664
164,0.7,0.6527131427221894,0.6543066035180917,0.6556868553914047
165,0.7,0.5916081447285456,0.5916081447285456,0.5916081447285456
194,0.7,0.29128473840830477,0.29128473840830477,0.29128473840830477
195,0.7,0.8442685956614149,,
197,0.7,0.583064967188516,0.5893526472050131,0.584664410160264
205,0.7,-0.009344986623850644,-0.009344986623850644,-0.009344986623850644
206,0.7,0.5946463941787431,0.5946463941787431,0.5946463941787431
207,0.7,0.2822526678597371,0.2822526678597371,0.2822526678597371
2,0.8,0.5712321994805053,0.6542924606358408,0.4463085285280165
3,0.8,0.5991481126218846,0.5991481126218846,0.5991481126218846
6,0.8,0.5873959199427206,0.5873959199427206,0.5873959199427206
7,0.8,0.2062085170452292,0.2062085170452292,0.2062085170452292
10,0.8,0.14018432873815762,0.14018432873815762,0.14018432873815762
12,0.8,0.8027742898431387,0.8027742898431387,0.8027742898431387
14,0.8,0.5058527388378947,0.504866717327702,0.5107465553234353
16,0.8,0.5054341717489926,0.5267282768299997,0.4777312684955804
17,0.8,0.37947113352587236,0.3799342016765493,0.3847596547172725
21,0.8,0.3115325672692706,0.3132600679807381,0.3141396862215596
26,0.8,0.5751340063148334,0.5751340063148334,0.5751532126893352
61,0.8,0.6774593052106047,0.6831341816244845,0.6876698041137865
62,0.8,0.5007634757777715,0.5007634757777715,0.5007634757777715
64,0.8,0.703416801794041,0.703416801794041,0.6843305582025762
65,0.8,0.6924564157037183,0.6924564157037183,0.6924564157037183
66,0.8,0.4072272395285137,0.4352407212446876,0.4343783745702589
67,0.8,0.5811620789920445,0.611181112393305,0.6138054715778267
68,0.8,0.6657452234702171,0.6657452234702171,0.6657452234702171
69,0.8,0.6951788491668031,0.6947445379103055,0.6947445379103055
70,0.8,0.5426376552474981,0.5426376552474981,0.5415987028892477
71,0.8,0.459923861413429,0.459923861413429,0.459923861413429
72,0.8,0.7582436713295692,0.7582436713295692,0.7584746363621556
73,0.8,0.5619114216358232,0.5619114216358232,0.5619114216358232
74,0.8,0.5471427492022808,0.5471427492022808,0.5471427492022808
75,0.8,0.7745802451903694,0.7749472446707478,0.7749472446707478
76,0.8,0.613143570036814,0.613143570036814,0.6021830044420085
79,0.8,0.48713643304855814,0.48713643304855814,0.48713643304855814
80,0.8,0.39148754143021214,0.39148754143021214,0.39148754143021214
81,0.8,0.4307485377789137,0.4307485377789137,0.4307485377789137
82,0.8,0.4588787207143106,0.4588787207143106,0.4588787207143106
83,0.8,0.3969394315080518,0.3969394315080518,0.3969394315080518
84,0.8,0.33155628486224575,0.33155628486224575,0.33155628486224575
85,0.8,0.23036237368560464,0.23036237368560464,0.23036237368560464
92,0.8,0.48673866841686936,0.48673866841686936,0.48673866841686936
95,0.8,0.6381738650404807,0.6381738650404807,0.6381738650404807
96,0.8,0.642952616470684,0.642952616470684,0.642952616470684
97,0.8,0.6877838298937251,0.6877838298937251,0.6877838298937251
99,0.8,0.743811565804161,0.743811565804161,0.743811565804161
100,0.8,0.6735132701415228,0.6752347202310167,0.6754741619710156
104,0.8,0.7950536477279361,0.7950536477279361,0.7950536477279361
105,0.8,0.5657608486775976,0.5657608486775976,0.5657608486775976
107,0.8,0.7329746758958872,0.7329746758958872,0.7329746758958872
108,0.8,0.7664347573765666,0.7664347573765666,0.7664347573765666
109,0.8,0.6743547555642531,0.6743547555642531,0.6743547555642531
110,0.8,0.6324922834580065,0.6324922834580065,0.6324922834580065
111,0.8,0.4003260158626876,0.4003260158626876,0.4003260158626876
112,0.8,0.3601865916767951,0.35129326860213295,0.591943767555446
113,0.8,0.37069548991956647,0.43790113784460616,0.6302780465951592
114,0.8,0.5168060853167864,0.5168060853167864,0.4666352083213379
115,0.8,0.2864483772690485,0.2864483772690485,0.4948705030360463
116,0.8,0.3809217109801075,0.33468717682146437,-0.08577886286963723
117,0.8,0.22861678451366257,0.22861678451366257,0.10097173069937894
118,0.8,0.6418814894125056,0.6365298155373832,0.5147262604802334
119,0.8,0.5857698116336861,0.6900871913455228,0.5814451756957744
120,0.8,0.7120427429401273,0.7120427429401273,0.7722505087512157
121,0.8,-0.01925192007604147,,
122,0.8,-1.0,,
123,0.8,0.14317411180336623,0.14317411180336623,0.14465876812109543
124,0.8,0.10276890020776001,0.10246774013546911,0.09939591514510714
125,0.8,0.1842951154589775,0.1842951154589775,0.1837109148593354
127,0.8,0.6981612091312622,0.6981612091312622,0.6981612091312622
128,0.8,0.6447961352933075,0.6447961352933075,0.6447961352933075
130,0.8,0.6068574820899272,0.6068574820899272,0.6068574820899272
132,0.8,0.051953988893440065,-0.020351174282609553,-0.189074553333093
133,0.8,0.6586384377043755,0.6583762700633206,0.6583762700633206
135,0.8,0.3723625714948792,0.3736540661410515,0.27679421589826914
150,0.8,0.41140207167915244,0.4014718568178407,0.4570995442129543
161,0.8,0.45145112604643717,0.5200256158484154,0.7846445832813455
163,0.8,0.7025134648751467,0.7045359021916461,0.7061097284522694
164,0.8,0.6413348502476137,0.6416380252196647,0.6441335427373017
165,0.8,0.6007428896233542,0.6007428896233542,0.6007428896233542
194,0.8,0.20811906684947903,0.20811906684947903,0.20811906684947903
195,0.8,0.9073327589117696,-1.0,
197,0.8,0.6033785928562235,0.614315427788454,0.6146897584407027
205,0.8,0.2247189105172248,0.2247189105172248,0.2247189105172248
206,0.8,0.6900096497856628,0.6900096497856628,0.6900096497856628
207,0.8,0.5699535287813892,0.5699535287813892,0.5699535287813892
2,0.9,0.5638078888265526,0.6711560340363459,0.560973195697015
3,0.9,0.5858745171663297,0.5858745171663297,0.5858745171663297
6,0.9,0.6038567145478306,0.6038567145478306,0.6038567145478306
7,0.9,0.20951323013366427,0.20951323013366427,0.20951323013366427
10,0.9,0.13805862703649013,0.13805862703649013,0.13805862703649013
12,0.9,0.7673529247070667,0.7673529247070667,0.7673529247070667
14,0.9,0.4466973334621392,0.44791102987871373,0.45838988027271266
16,0.9,0.5438800699863933,0.5614854163523767,0.508378878492936
17,0.9,0.3423386241088681,0.3423386241088681,0.34344928283600645
21,0.9,0.32413779606515625,0.32599618440148037,0.3277355526066067
26,0.9,0.5724710327982037,0.5724710327982037,0.572417465648348
61,0.9,0.6696433391050034,0.6703313544945448,0.6696822183274934
62,0.9,0.45556666323557843,0.45556666323557843,0.45556666323557843
64,0.9,0.6479468456404055,0.6479468456404055,0.6479468456404055
65,0.9,0.7159761836517664,0.7159761836517664,0.7282274610082873
66,0.9,0.34174304560995333,0.411751278070212,0.411751278070212
67,0.9,0.5930669247051855,0.5930669247051855,0.5944943443877139
68,0.9,0.6749764411557105,0.6749764411557105,0.6749764411557105
69,0.9,0.7296882235456734,0.7293532564298426,0.7293532564298426
70,0.9,0.5725700887866952,0.5713732565114715,0.5713732565114715
71,0.9,0.43806713384456125,0.43806713384456125,0.43806713384456125
72,0.9,0.7917636257352286,0.7917636257352286,0.7919831035154891
73,0.9,0.5737499216476101,0.5737499216476101,0.5737499216476101
74,0.9,0.5906959570436783,0.5906959570436783,0.5906959570436783
75,0.9,0.79956495807146,0.79956495807146,0.8001019412126482
76,0.9,0.6134069698579352,0.6134069698579352,0.6134069698579352
79,0.9,0.4621882341796135,0.4621882341796135,0.4621882341796135
80,0.9,0.4101845456098543,0.4101845456098543,0.4101845456098543
81,0.9,0.4093821021038357,0.4093821021038357,0.4093821021038357
82,0.9,0.49478608315809963,0.49478608315809963,0.49478608315809963
83,0.9,0.41361363975236054,0.41361363975236054,0.41361363975236054
84,0.9,0.3168619881952244,0.3168619881952244,0.3168619881952244
85,0.9,0.23323136006079828,0.23323136006079828,0.23323136006079828
92,0.9,0.49047096166866067,0.49047096166866067,0.49047096166866067
95,0.9,0.633030898384208,0.633030898384208,0.633030898384208
96,0.9,0.7070372758189757,0.7070372758189757,0.7070372758189757
97,0.9,0.6594849807017464,0.6594849807017464,0.6594849807017464
99,0.9,0.7480805614994769,0.7480805614994769,0.7480805614994769
100,0.9,0.6684932626950366,0.6684932626950366,0.6724867312023375
104,0.9,0.8050373261761381,0.8050373261761381,0.8050373261761381
105,0.9,0.568551434545301,0.568551434545301,0.568551434545301
107,0.9,0.7708026929142829,0.7708026929142829,0.7708026929142829
108,0.9,0.7788189162369423,0.7788189162369423,0.7788189162369423
109,0.9,0.6486356288103778,0.6486356288103778,0.6486356288103778
110,0.9,0.5610170666729906,0.5610170666729906,0.5610170666729906
111,0.9,0.40054110223613826,0.40054110223613826,0.40054110223613826
112,0.9,0.534866092752634,0.534866092752634,0.5057934800557796
113,0.9,0.4758023008726279,0.4758023008726279,0.7434418152698784
114,0.9,0.4603034931431653,0.4603034931431653,0.41140379855571607
115,0.9,0.5168129974239979,0.5168129974239979,0.4400098175720626
116,0.9,0.2703644808884577,0.2703644808884577,0.2183204960372193
117,0.9,0.3968908937441168,0.4373703811362088,0.4350047694695359
118,0.9,0.6395313144337378,0.6395313144337378,0.49980915798867237
119,0.9,0.3008097282360892,0.3008097282360892,0.4254792478868743
120,0.9,0.7326562850193403,0.7326562850193403,0.6839534495595261
121,0.9,-0.030924009650437168,,
122,0.9,-0.005994518788197137,,
123,0.9,0.2656577138864172,0.2656577138864172,0.2650752481607494
124,0.9,0.06645406876319752,0.0667624255012607,0.05849921834465302
125,0.9,0.14675752042082213,0.14530418644392942,0.14388283092668538
127,0.9,0.7168281177068804,0.7168281177068804,0.7168281177068804
128,0.9,0.6489434854937784,0.6489434854937784,0.6489434854937784
130,0.9,0.65253914615928,0.65253914615928,0.65253914615928
132,0.9,0.038821672943747894,0.054380620314421396,-0.07377315672540526
133,0.9,0.705600324048367,0.705338665033182,0.7022777505777961
135,0.9,0.3462899939473916,0.3462899939473916,0.24419805952093138
150,0.9,0.40367435268097246,0.3833192402184654,0.51397044606826
161,0.9,0.44969395851593436,0.47466427585099413,0.42782879725603523
163,0.9,0.7299936809945992,0.7299430808518944,0.7281102252155085
164,0.9,0.6861676156378932,0.6860455303247878,0.6845809996518085
165,0.9,0.6031977216736617,0.6031977216736617,0.6031977216736617
194,0.9,0.28061862649259,0.28061862649259,0.28061862649259
195,0.9,0.8690871739719823,-1.0,
197,0.9,0.6055658348917983,0.6067577055196565,0.6131759547131649
205,0.9,0.24979744595735334,0.24979744595735334,0.24979744595735334
206,0.9,0.6115023019904464,0.6115023019904464,0.6115023019904464
207,0.9,0.552520808238856,0.552520808238856,0.552520808238856
