position_out,mutation_id,y_true,y_pred,absolute_error,squared_error,percentage_error
3,1551714,0.865530660410239,0.8714055293267103,0.005874868916471376,3.4514084785721563e-05,0.6787591919258923
3,1551717,1.0240307109496112,0.8558575205272113,0.16817319042239987,0.028282221976848765,16.422670592217724
3,1551730,0.9867840432977352,0.8798123639331173,0.10697167936461782,0.011442940186086603,10.840434651449064
3,1551728,0.9441957346094038,0.879828193625138,0.06436754098426578,0.004143180332361135,6.8171819279498695
3,1551731,0.804206565807683,0.7994193434618689,0.0047872223458140795,2.2917497788261658e-05,0.5952727258582081
3,1551721,0.9476033332016252,0.8453531173828129,0.10225021581881222,0.010455106634993676,10.790402717700873
3,1551722,0.919504325930396,0.8590880916972841,0.06041623423311193,0.0036501213589102462,6.57052202250164
3,1551733,0.9236607152826004,0.8481490368428031,0.07551167843979734,0.005702013580795354,8.175261455900937
3,1551724,0.909962249026443,0.8503083014763689,0.05965394755007403,0.003558593458306983,6.555650810118445
3,1551719,0.9617756331829056,0.903979497035062,0.057796136147843624,0.0033403933536200765,6.0093159104658085
3,1551720,1.0195559854186973,0.8894829076491114,0.13007307776958588,0.016919005560452737,12.757816111115197
3,1551716,0.9579509274382874,0.8838620529233405,0.07408887451494683,0.005489161326891538,7.73409914775825
3,1551718,0.6207728507551911,0.801264414554358,0.18049156379916698,0.03257720460266876,29.07529921445387
3,1551727,0.9070885475892894,0.7528809327362453,0.15420761485304402,0.023779988478664763,17.00028241596387
3,1551715,0.9266265139790032,0.866261013935698,0.06036550004330521,0.003643993595478281,6.514544871384184
3,1551726,0.875846220817597,0.8173596360308075,0.058486584786789475,0.003420680600022314,6.677723029071543
3,1551723,1.031996456503226,0.8589151157123631,0.1730813407908629,0.029957150529962822,16.771505338043944
3,1551725,0.9777418276052146,0.888231696693874,0.08951013091134052,0.008012063535765319,9.154781802735995
3,1551732,0.8630406975532909,0.8399354213812034,0.023105276172087574,0.0005338537869884378,2.677194278043982
42,1551694,1.0447232299371596,0.9698235844652576,0.07489964547190198,0.005609956891816606,7.169328997921029
42,1551700,1.0348828379978123,1.0058705358410676,0.029012302156744774,0.0008417136764342575,2.803438330552942
42,1551705,0.9971803556497972,0.9797511011845241,0.017429254465273103,0.0003037789112152424,1.7478537725420389
42,1551706,0.9687550037425322,0.934198482884572,0.03455652085796024,0.001194153133806641,3.5671063090729995
42,1551704,1.0426363594322876,1.0138946069756467,0.0287417524566409,0.0008260883342788233,2.7566420638055154
42,1551702,1.0560378453959387,0.979828825463044,0.07620901993289475,0.00580781471913235,7.2165046229306125
42,1551713,1.023016306354982,0.9795366779280813,0.043479628426900674,0.0018904780881413492,4.250140311235024
42,1551710,1.0681933488739497,1.0381054818529543,0.030087867020995418,0.0009052797418731037,2.8167060816015144
42,1551711,0.9660081028797074,0.8817491022993121,0.08425900058039526,0.007099579178807049,8.722390664137903
42,1551708,1.0326811796046007,0.9899701270155794,0.0427110525890213,0.0018242340132621434,4.135937928623312
42,1551703,1.0060290336236055,0.9564641951347636,0.04956483848884197,0.00245667321442499,4.926780125849339
42,1551699,1.0479900131547322,0.9932270997186574,0.054762913436074756,0.0029989766880070172,5.225518635547264
42,1551697,1.0282645153893004,0.9365014535969178,0.09176306179238258,0.008420459509512625,8.924071619610556
42,1551707,1.027311508967504,0.9041654832519114,0.12314602571559263,0.015164943649545402,11.98721367770523
42,1551698,1.0143051068986035,0.9461559038615098,0.06814920303709371,0.004644313874591023,6.718807050619173
42,1551701,1.0501890020621685,0.9381404026476365,0.11204859941453194,0.012554888630758246,10.669374673940734
42,1551696,1.0020187986176008,0.9849594525065646,0.01705934611103621,0.0002910212897361263,1.7024976112795014
42,1551695,1.0238925650607371,0.993622360069407,0.030270204991330152,0.0009162853102171488,2.956384881018696
42,1551712,1.0173316363963951,0.94103774318903,0.07629389320736513,0.005820758140736834,7.49941223469805
34,1551501,0.893375399161367,0.29160902659749716,0.6017663725638698,0.36212276714867814,67.35873554709055
34,1551516,0.198478353599667,0.2643941498406571,0.06591579624099012,0.004344892194083727,33.21057185608411
34,1551509,0.223931766993245,0.27105556883878035,0.04712380184553536,0.0022206527003772814,21.043821731177992
34,1551511,0.310555245660143,0.42280555663125435,0.11225031097111138,0.012600132313111207,36.14503781203323
34,1551504,0.3502912087975229,0.2746828833039601,0.07560832549356278,0.005716618883940535,21.584419932521428
34,1551505,0.282860732221021,0.28096826813798154,0.0018924640830394468,3.5814203055943342e-06,0.6690444686966015
34,1551510,0.298990098961348,0.3342994446662714,0.03530934570492339,0.0012467498941097918,11.809536779840998
34,1551500,0.425273126735307,0.410813421367917,0.014459705367389997,0.00020908307931172707,3.4000985386480393
34,1551514,0.1046596764482069,0.3278454122835285,0.22318573583532159,0.04981187268035395,213.24902140870833
34,1551497,0.327222447047056,0.2829839549398934,0.044238492107162575,0.0019570441839154855,13.519394071642306
34,1551507,0.365904230251754,0.4122202918556109,0.04631606160385687,0.002145177562492265,12.657973801502628
34,1551498,0.3470091427738869,0.40884972129452696,0.061840578520640066,0.0038242571517674495,17.821022819832656
34,1551503,0.352560338443706,0.4264059428508377,0.07384560440713173,0.0054531732902545925,20.945522327640607
34,1551506,0.074526587753312,0.25488099029636196,0.18035440254304996,0.03252771051666051,242.00008074975216
34,1551513,0.335340353289865,0.3043735974782625,0.03096675581160252,0.0009589399654954184,9.234425713399052
34,1551499,0.405522869489309,0.4321303209384544,0.02660745144914539,0.0007079564726186292,6.561270263907239
34,1551502,0.394943697361636,0.41646766938650065,0.021523972024864668,0.0004632813717271568,5.449883659025941
34,1551515,0.334524625174065,0.2858236529065596,0.048700972267505416,0.0023717846998003314,14.558262263103822
34,1551508,0.345236871167639,0.25318713755160654,0.09204973361603247,0.008473153458782539,26.662775996291327
22,1551341,1.0418001430131625,0.9109785284549582,0.1308216145582043,0.017114294835615367,12.5572659435267
22,1551351,1.0067865002123582,0.9747135574557882,0.03207294275656991,0.0010286736570662104,3.1856746936718827
22,1551350,0.2737296893893269,0.7789152303129083,0.5051855409235815,0.2552124307582516,184.55635632752058
22,1551338,0.9805574677267545,0.9547478764065205,0.02580959132023397,0.0006661350041174967,2.6321344918282916
22,1551342,1.0722963485106471,0.9621920597838,0.11010428872684719,0.01212295439604493,10.268083900479114
22,1551344,0.9555417165260428,0.9758445931286464,0.020302876602603548,0.0004122067983405466,2.124750416592639
22,1551347,1.0269931727887949,0.9954246650941231,0.03156850769467179,0.0009965706780685518,3.0738770744646393
22,1551346,0.9263996076880991,0.9354474297811219,0.009047822093022795,8.18630846269914e-05,0.976665147300993
22,1551339,0.998818752544412,0.968075851189424,0.030742901354988028,0.0009451259837225248,3.0779259276693507
22,1551353,1.0599566505141376,0.9963741039400037,0.06358254657413387,0.004042740228851902,5.998598767533824
22,1551355,1.0198663131400807,0.9174303792128469,0.10243593392723382,0.010493120559544614,10.044055049905747
22,1551340,0.986052604195292,0.965985155230398,0.020067448964893986,0.0004027025079586247,2.035129655305848
22,1551348,1.0036244943114678,0.9758105631095005,0.02781393120196729,0.0007736147689077695,2.771348383744751
22,1551354,0.4482767530328559,0.8230021145606029,0.374725361527747,0.1404190965721007,83.59241450566185
22,1551356,0.9608700101336216,0.9270428221044005,0.033827188029221134,0.0011442786499642815,3.5204749521235463
22,1551345,0.9061936024831064,0.8744409067056889,0.03175269577741757,0.0010082336891332317,3.5039637987302514
22,1551343,0.890864080418216,0.9486979878850205,0.0578339074668045,0.0033447608528789055,6.491889025276941
22,1551349,0.71859482224964,0.8954511470540605,0.17685632480442048,0.031278159623326675,24.611410954890037
17,1551243,0.453748798449437,0.42510746151660617,0.02864133693283083,0.0008203261812999393,6.312157085749826
17,1551252,0.4383782330407509,0.3244954158970376,0.11388281714371329,0.012969296040588437,25.978209810688053
17,1551248,0.342985693813294,0.36990561033251707,0.02691991651922304,0.0007246819054019376,7.848699524440525
17,1551239,0.51646576399242,0.35940914301326976,0.15705662097915019,0.02466678219338844,30.409880369428567
17,1551246,0.2410753381167679,0.26628476608769497,0.025209427970927067,0.00063551525862136,10.457074609065387
17,1551242,0.367426971675153,0.3628897353624756,0.004537236312677384,2.0586513357078264e-05,1.2348675144863384
17,1551241,0.3689038646803599,0.3614303089671108,0.0074735557132490915,5.5854034999038136e-05,2.025881653401658
17,1551257,0.247397748227083,0.25470970179580393,0.007311953568720941,5.346466499113091e-05,2.9555457238880765
17,1551245,0.182033320166406,0.34190437164207504,0.15987105147566905,0.02555875309993602,87.82515823450493
17,1551255,0.068586981903181,0.22971674869635178,0.1611297667931708,0.0259628017468216,234.92762375901796
17,1551247,0.0178016167188009,0.2146651709122676,0.1968635541934667,0.03875525896968401,1105.8745804000619
17,1551249,0.221248733577595,0.29573726835254016,0.07448853477494516,0.005548541812918214,33.66732707142073
17,1551250,0.666396364770085,0.2920908883760666,0.3743054763940184,0.14010458965855307,56.16859517580928
17,1551244,0.442851890777354,0.23102305168935225,0.21182883908800174,0.044871457069370534,47.832885779525725
17,1551240,0.298501850013038,0.3003850849147466,0.001883234901708608,3.5465736950134306e-06,0.6308955544584907
17,1551251,0.2489579959256249,0.26207369138133313,0.013115695455708232,0.00017202146728688555,5.26823627694468
17,1551238,0.359198748932678,0.23915359212309822,0.12004515680957978,0.014410839673436598,33.420260278266994
17,1551254,0.294988539784113,0.3943781511148033,0.0993896113306903,0.00987829484046568,33.69270257191295
17,1551256,0.2334556913939259,0.3543938372928853,0.1209381458989594,0.014626035133477992,51.80346864831499
18,1551323,1.0080137962975708,1.0089932332046394,0.000979436907068587,9.5929665492808e-07,0.09716502994959529
18,1551335,0.811161243623888,0.8201905677925668,0.009029324168678854,8.152869494308807e-05,1.1131355497632096
18,1551337,0.9142788075251675,0.9443406773072501,0.030061869782082584,0.00090371601479489,3.288041846169016
18,1551324,0.888672432596662,0.9338263584321436,0.04515392583548161,0.002038877018356174,5.081053960855274
18,1551332,0.9846804885067671,1.0019148097947446,0.017234321287977417,0.0002970218302572316,1.7502450276142518
18,1551318,0.978570035567014,0.9596204911166732,0.018949544450340805,0.000359085234875442,1.93645255440106
18,1551336,1.0796234195925116,0.9486974874055641,0.13092593218694748,0.01714159971902117,12.127000008610743
18,1551321,1.008745235400014,0.9812693229314556,0.027475912468558294,0.0007549257659798771,2.723771226305999
18,1551322,0.9589473130039328,0.888210337365359,0.07073697563857373,0.005003719722492173,7.376523681680479
18,1551331,0.9622855049659956,0.7895532408441869,0.17273226412180875,0.0298364350686463,17.950209499197705
18,1551330,0.8908687520183229,0.8661580812172259,0.024710670801097012,0.0006106172514401885,2.773772314396855
18,1551327,0.9391016883786112,0.968412614233891,0.029310925855279835,0.0008591303744937119,3.121166346307616
18,1551320,0.9904732726392552,0.9883298363320785,0.002143436307176727,4.594319202923405e-06,0.2164052646736484
18,1551319,0.9574483967410796,0.9868289792070842,0.029380582466004612,0.0008632186260416977,3.0686335228101
18,1551329,0.9903377962361568,0.988671051863865,0.0016667443722918618,2.7780368025665924e-06,0.16830059184113058
18,1551334,0.9404504460666018,1.0010183487958857,0.06056790272928392,0.0036684708410239983,6.440307725155203
18,1551325,1.0350002953719275,0.9368850725828347,0.09811522278909279,0.009626596942953314,9.47972896508547
18,1551326,0.942058811246244,0.9200123968946944,0.022046414351549637,0.0004860443857602138,2.340237582660531
18,1551328,1.0374669002283416,1.0086729629631628,0.02879393726517887,0.0008290908232310564,2.7754077994046322
25,1551270,0.074182224088293,0.35052139518586894,0.27633917109757594,0.07636333748289535,372.51400115568407
25,1551258,0.050961568597209,0.383776027131045,0.332814458533836,0.11076546380917045,653.0694947095155
25,1551264,0.22569636382789,0.3412478089387086,0.1155514451108186,0.013352136467198525,51.197743353515015
25,1551276,0.3985290169693509,0.3228169429437029,0.075712074025648,0.005732318153265203,18.99788241303159
25,1551277,-0.0770056844684099,0.3127886147746493,0.3897942992430592,0.15193959572238758,-506.18899362288613
25,1551268,0.365649828257365,0.3478605275281278,0.01778930072923718,0.0003164592204352384,4.865119399622982
25,1551263,0.2830255729676489,0.4063163190411448,0.12329074607349588,0.01520060806735924,43.561698252471544
25,1551271,0.351378223405242,0.27121138267600725,0.08016684072923475,0.006426722352506491,22.814971272929142
25,1551261,0.338033263802883,0.3548574402947271,0.01682417649184409,0.0002830529146287193,4.977077197247296
25,1551265,0.201871403494413,0.33151236867466866,0.12964096518025567,0.016806779852868263,64.21957886860564
25,1551267,-0.2537520239891,0.21845623128546138,0.4722082552745614,0.22298063634944534,-186.09043894556098
25,1551260,0.289234596669656,0.3164691745963076,0.02723457792665157,0.000741722234842857,9.416085848733042
25,1551274,0.321196483332092,0.373552929232913,0.052356445900821,0.0027411974273655964,16.300441822299945
25,1551266,-0.11258160105808,0.2810045119103141,0.39358611296839413,0.1549100283215695,-349.6007422787903
25,1551269,0.032082564771138,0.2817251330121055,0.2496425682409675,0.06232141187794612,778.1253463424783
25,1551262,0.3496955797839,0.4154902853165711,0.06579470553267114,0.004328943276130906,18.814851927304897
25,1551259,0.271847501706278,0.35553973354090573,0.0836922318346277,0.007004389669461071,30.786463480195714
25,1551272,0.173416954192197,0.37091295623048187,0.19749600203828488,0.03900467082110622,113.88505983065602
25,1551275,-0.0221577690305498,0.18113968299114194,0.20329745202169175,0.04132985399851206,-917.499644216877
36,1551489,0.807243773248577,0.7703606927574108,0.036883080491166176,0.0013603616265178428,4.569013935250097
36,1551478,0.842257416049381,0.8803046364430797,0.03804722039369868,0.0014475909796866806,4.517291230531355
36,1551484,0.96682296341263,0.883014526602056,0.08380843681057393,0.007023854080631963,8.668436723384419
36,1551481,0.827753432460514,0.889543766582139,0.061790334121624935,0.0038180453908620467,7.46482366590156
36,1551479,0.99314008892882,0.9067609820158703,0.0863791069129497,0.007461350111078795,8.697575284280024
36,1551491,0.883127243269837,0.8840370274678514,0.0009097841980143517,8.277072869566172e-07,0.10301847270001722
36,1551485,0.376949895018668,0.8099375621157353,0.4329876670970673,0.1874783198581608,114.86610629660055
36,1551486,0.734034460602763,0.8102689669250841,0.0762345063223211,0.005811699954208015,10.385684925435248
36,1551496,0.480951058711585,0.8007314348672356,0.31978037615565064,0.10225948897424941,66.48917189460131
36,1551482,0.9122693521077804,0.8859194404466708,0.02634991166110956,0.0006943178445482775,2.88839163567521
36,1551494,0.591021698737604,0.717726682323921,0.126704983586317,0.016054152865608858,21.438296403829703
36,1551483,0.9517110044384298,0.9045685602403122,0.04714244419811764,0.0022224100449726356,4.953441115870535
36,1551488,0.755451077606873,0.808099362312128,0.052648284705254955,0.0027718418824055828,6.969119015891118
36,1551490,0.439303810496205,0.776770726782713,0.337466916286508,0.11388391958792499,76.81857252850376
36,1551480,0.9285398679084784,0.8552957218406592,0.07324414606781926,0.005364704933204043,7.888099218916745
36,1551487,0.872039534101962,0.8954121434306413,0.02337260932867935,0.000546278866831069,2.6802235924715014
36,1551477,0.86886151128642,0.885422294746665,0.016560783460245032,0.00027425954881712543,1.9060325777033729
36,1551493,0.7979099162351,0.9071933123526973,0.1092833961175973,0.01194286066699568,13.696207290322423
36,1551495,0.637127455357812,0.7845159102775555,0.1473884549197435,0.021723356643629264,23.133276345306744
5,1551746,0.87135881522925,0.7672666158561281,0.10409219937312186,0.010835185970333751,11.945962737031099
5,1551750,0.884760301192901,0.8085846888816239,0.07617561231127712,0.005802723910997994,8.6097457366217
5,1551740,0.82655883757605,0.8021683021195254,0.024390535456524587,0.0005948982198559831,2.9508529033519
5,1551753,0.864703119819884,0.7908903390018174,0.07381278081806664,0.005448326612095946,8.53619920250105
5,1551738,0.858553291964944,0.7729439345833181,0.0856093573816259,0.007328962071294944,9.971350431339497
5,1551744,0.850041636570272,0.799047822950935,0.05099381361933697,0.0026003690274436766,5.998978335353738
5,1551739,0.836525362718282,0.7998009054498938,0.036724457268388244,0.001348685761657674,4.390118806326736
5,1551735,0.840646381383963,0.7992398781639014,0.041406503220061563,0.0017144985089129687,4.925555398441578
5,1551752,0.779076694090076,0.798882748682844,0.019806054592768074,0.00039227979853170933,2.542247091077547
5,1551747,0.656446523913948,0.7868151159246174,0.13036859201066942,0.016995969782844376,19.85974291300522
5,1551736,0.889009455175799,0.8062172922119923,0.08279216296380665,0.006854542248225517,9.312855165014499
5,1551751,0.691557602945552,0.7608908606564017,0.06933325771084964,0.004807100624799091,10.025666324184481
5,1551734,0.764686831018105,0.8010640526932185,0.03637722167511348,0.001323302256800346,4.757139811951619
5,1551743,0.801843403525064,0.7711163280909893,0.030727075434074713,0.0009441531647313178,3.8320544010204913
5,1551737,0.591348110110784,0.8054989508529907,0.2141508407422067,0.04586058259059397,36.214006112590326
5,1551741,0.781954399755893,0.8018998647486577,0.019945464992764728,0.00039782157377760325,2.5507197093578875
5,1551745,0.9905320013263128,0.797040583359205,0.19349141796710778,0.037438928826922,19.53409054003552
5,1551748,0.874662971247677,0.8021683021195254,0.07249466912815161,0.005255477052000178,8.288297494146851
5,1551742,0.759581439472768,0.7998009054498938,0.04021946597712578,0.001617605443485178,5.294951125325344
12,1551164,0.9020986113037348,0.8280279457895587,0.07407066551417607,0.005486463489712952,8.210927783951174
12,1551169,0.9524497846267552,0.825996172321588,0.12645361230516727,0.01599051606502555,13.276669735898125
12,1551163,1.0032147282449533,0.9347746850912592,0.06844004315369412,0.004684039506879513,6.82207320395153
12,1551159,0.785506150579983,0.8980291261851591,0.1125229756051761,0.012661420039043057,14.324900641719243
12,1551175,0.85895638431702,0.8018379666209721,0.057118417696047974,0.0032625136401002062,6.649745986982146
12,1551168,0.9182436612729916,0.9135703565512903,0.004673304721701355,2.1839777021876175e-05,0.5089395025305807
12,1551174,0.929122483178946,0.9188619064876371,0.010260576691308865,0.00010527943403823076,1.104329824869033
12,1551177,0.9052606172046253,0.8323965841293589,0.07286403307526634,0.0053091673159935075,8.048956476231655
12,1551161,0.63360840573447,0.8553408700642171,0.22173246432974714,0.049165285737742585,34.995189824339214
12,1551170,0.849739317306215,0.8004172183370202,0.049322098969194816,0.0024326694467270483,5.804379998038967
12,1551165,1.0167129830679602,0.8871576737354413,0.1295553093325189,0.016784578176244663,12.74256466575081
12,1551167,0.833534203907013,0.8518466575685044,0.018312453661491368,0.00033534595910426863,2.196964872665772
12,1551160,0.9276809608602624,0.9300756487030474,0.0023946878427849594,5.734529864382082e-06,0.2581370044033569
12,1551171,0.9669290754721998,0.8032282801022527,0.16370079536994708,0.026797950404753287,16.929969273082808
12,1551162,0.883541013565015,0.9299697096099775,0.04642869604496247,0.0021556238164355136,5.254843332923111
12,1551166,0.98355329813813,0.8354673061020715,0.14808599203605843,0.02192946103730356,15.056224438104755
12,1551176,0.8680526570964919,0.8609139894968105,0.007138667599681403,5.096057509874104e-05,0.8223772534213757
12,1551158,0.882983091037969,0.8785892712193135,0.004393819818655498,1.9305652598809833e-05,0.49761086743919986
12,1551172,0.887139480390173,0.929194956612283,0.04205547622211003,0.0017686630802684624,4.740570919424486
44,1551423,0.9977683098918158,0.9477769354320751,0.04999137445974067,0.0024991375203740115,5.010318925158191
44,1551424,1.102380785827286,0.9333094990226298,0.16907128680465622,0.02858510002178232,15.336922502488648
44,1551426,0.9178025287486166,0.8926925846742382,0.025109944074378387,0.0006305092914184103,2.7358765407428867
44,1551419,0.9857749776746566,0.96042741706151,0.02534756061314658,0.0006424988290371399,2.571333335416863
44,1551418,0.9681390198998726,0.9480912901603131,0.020047729739559483,0.0004019114677104177,2.070749068830308
44,1551431,0.990486620068132,0.9367081919628951,0.05377842810523692,0.0028921193294701364,5.429495665629253
44,1551417,1.0087879471724197,0.9770357968248784,0.03175215034754131,0.0010081990516928676,3.1475544921547622
44,1551430,1.0219124739868788,0.8530703499313187,0.1688421240555601,0.028507662855593145,16.522170768386964
44,1551435,0.767864186462204,0.9035394947864346,0.13567530832423058,0.018407789288875032,17.66918039885805
44,1551429,0.876964735357464,0.8882027185289522,0.011237983171488164,0.00012629226576265116,1.2814635205265572
44,1551421,0.9445981595900363,0.8813762094182012,0.06322195017183518,0.003997014983530011,6.692999507777365
44,1551420,0.9468692246134068,0.9813849968783714,0.034515772264964606,0.0011913385350469,3.645252308105895
44,1551436,0.9352823216055434,0.9353377760839242,5.5454478380845273e-05,3.0751991724916356e-09,0.005929169952196881
44,1551434,0.860498679723723,0.8466880872506234,0.01381059247309957,0.0001907324644580345,1.604952197896885
44,1551427,0.9442751518112202,0.9741709363775927,0.02989578456637243,0.0008937579348389519,3.166003522281523
44,1551428,0.9421936202778988,0.9602280931986068,0.018034472920708033,0.00032524221352775136,1.9140941450430105
44,1551422,0.9688711263737596,0.981576672579159,0.012705546205399432,0.0001614309043775399,1.3113762872625885
44,1551433,1.014331801756357,0.97538769800246,0.03894410375389701,0.0015166432171942951,3.839385069704381
44,1551425,0.867653568973078,0.9070365742593828,0.039383005286304784,0.0015510211053811106,4.5390241790761054
39,1551681,0.9588358619728125,0.9395540196792014,0.019281842293611073,0.00037178944223568874,2.0109638216846135
39,1551682,1.0111537789408145,0.962772698604536,0.048381080336278526,0.002340728934505437,4.784740100260299
39,1551692,0.8711239004810201,0.9484722518510872,0.07734835137006713,0.005982767459667365,8.879144669013977
39,1551678,0.9399932966275746,0.9406299701868055,0.0006366735592309158,4.053532210237625e-07,0.06773171271700738
39,1551684,0.9401100866302456,0.9805176883802896,0.04040760175004399,0.0016327742791901578,4.298177662882228
39,1551687,0.9678640628650126,0.8516498596829658,0.11621420318204678,0.013505741021238053,12.007285696509543
39,1551674,0.9804166523521052,0.9684682001552759,0.011948452196829273,0.00014276550989991428,1.2187116740789636
39,1551679,1.033120310014644,0.9829236247019458,0.050196685312698164,0.0025197072163820476,4.85874537806605
39,1551688,0.9787535627140684,0.9639518248569989,0.014801737857069508,0.00021909144358940464,1.512304876421039
39,1551680,0.9793368453559804,0.9755522745191816,0.0037845708367988395,1.4322976418748269e-05,0.3864421985903309
39,1551685,1.0279041348096296,0.9754804691437553,0.05242366566587431,0.0027482407218473687,5.100053972988765
39,1551690,1.019189598496032,0.9935355672684067,0.025654031227625218,0.0006581293182279698,2.5171009658538126
39,1551693,0.980518760183012,0.9618129144144765,0.01870584576853551,0.0003499086659162379,1.9077499103682731
39,1551677,0.9745884975330942,0.9744997562146567,8.874131843750188e-05,7.875021598026112e-09,0.009105516703934677
39,1551686,0.9743876187284998,0.9355923785170829,0.03879524021141689,0.0015050706630615382,3.9814997097399156
39,1551675,0.9889843669480592,0.9680157439944778,0.020968622953581484,0.00043968314856946425,2.1202178370411735
39,1551683,0.9764070847175448,0.9490626139355812,0.02734447078196356,0.0007477200823456587,2.8005194974464747
39,1551676,0.957356966853274,0.9562224482305929,0.0011345186226811022,1.287132505210225e-06,0.11850528715638209
39,1551691,0.96519591183256,0.8598583289031285,0.10533758292943152,0.011096006377414862,10.913596052166582
23,1551643,0.9254512728664096,0.9040489096358969,0.0214023632305127,0.000458061151850802,2.312640747062019
23,1551646,0.9964382386042526,0.9804817375454515,0.015956501058801087,0.00025460992603952023,1.6013537458329519
23,1551653,0.951564182720786,0.9385384673348813,0.01302571538590469,0.00016966926131459418,1.3688740730720397
23,1551635,1.0252226363483006,0.9645173774998903,0.06070525884841027,0.0036851284518524935,5.921178161324442
23,1551640,1.057872449495041,0.9700792640548963,0.08779318544014458,0.007707643409727615,8.299033166243369
23,1551651,0.9988174178015246,0.9795899404657431,0.01922747733578145,0.00036969588469798936,1.9250242329676865
23,1551652,1.001189255912914,0.8656606072396688,0.13552864867324532,0.01836801461119596,13.536766188093608
23,1551645,0.9594745364445624,0.9896714989060701,0.030196962461507715,0.0009118565419017061,3.147239589432551
23,1551636,1.0000193537718711,0.9545258293361445,0.04549352443572663,0.002069660765584056,4.54926439814732
23,1551638,1.081446678377069,0.9258484669705014,0.1555982114065677,0.024210803392922937,14.387968867783155
23,1551641,1.065731415617642,0.9563488017373722,0.10938261388026982,0.011964556219280196,10.263619170584118
23,1551649,1.0137585296861027,0.9362174530865613,0.07754107659954135,0.006012618560215939,7.648870448818906
23,1551647,0.836898423355386,0.9270741477285991,0.09017572437321308,0.008131661266233697,10.774990352075294
23,1551639,0.883677824711001,0.8893370602829888,0.005659235571987775,3.20269472592518e-05,0.6404184210278875
23,1551642,0.9993219506130636,0.8825960048703159,0.11672594574274775,0.013624946409538891,11.680514539997722
23,1551644,0.839260918266561,0.9610897953482934,0.1218288770817324,0.014842275290995861,14.516209968809465
23,1551637,0.910479461895415,0.9498762576402807,0.039396795744865765,0.0015521075149626733,4.327038378531948
23,1551648,1.048216919445636,0.8227379079888164,0.2254790114568197,0.05084078460754463,21.510720469582516
4,1551149,1.0068792648430511,0.9445427250627643,0.06233653978028686,0.003885844191779286,6.191064009050148
4,1551139,0.9381533535569216,0.9433071333513898,0.005153779794468183,2.6561446169868506e-05,0.5493536610968882
4,1551140,1.0707607268183827,0.9636655975913775,0.10709512922700526,0.011469366704148956,10.001779720220371
4,1551151,0.9589966984907766,0.8543221839789111,0.10467451451186549,0.010956753988294739,10.915002593501862
4,1551144,0.9536256931107924,0.971697575192226,0.01807188208143362,0.00032659292196524157,1.8950708031451946
4,1551143,0.9212094599693944,0.9767378533911769,0.05552839342178251,0.003083402476004259,6.027770646604882
4,1551157,0.9139671450608968,0.903203102834956,0.01076404222594085,0.00011586460504183766,1.1777274800423656
4,1551148,0.9391824403233152,0.8839603805379219,0.055222059785393296,0.0030494758869415513,5.8798011349512675
4,1551152,0.685830888586004,0.7497999819024137,0.06396909331640965,0.004092044899723526,9.32724005013779
4,1551153,0.945788750245838,0.9494738603705026,0.003685110124664659,1.3580036630905978e-05,0.3896335332500827
4,1551146,0.802202449361847,0.9418417556971376,0.13963930633529054,0.019499135873801112,17.406990772263757
4,1551147,0.9541956283238276,0.9010852813079457,0.05311034701588191,0.0028207089601473964,5.565980962329218
4,1551142,0.751582325346961,0.8742340089228152,0.12265168357585421,0.015043435483991466,16.319128249754037
4,1551155,0.9298646002244908,0.9647536178673698,0.034889017642878994,0.0012172435520851218,3.7520535392417327
4,1551141,1.0159968935087254,0.971502243698907,0.04449464980981832,0.0019797738616983656,4.379408056668059
4,1551150,1.0233626721343323,0.9515779282684489,0.0717847438658834,0.005153049451890485,7.014594710218288
4,1551156,0.837954872350976,0.8256484182003327,0.012306454150643242,0.00015144881376188428,1.468629702708943
4,1551145,0.9426554413170324,0.902602318442303,0.0400531228747294,0.0016042526520181712,4.248967450797199
33,1551092,0.9205647791546498,0.9178564817250235,0.002708297429626305,7.334874967320451e-06,0.29419954911954393
33,1551091,0.9689739015761104,0.9166990686064643,0.05227483296964608,0.0027326581620043967,5.394864906538458
33,1551088,0.9676064574876924,0.9894715329778815,0.021865075490189123,0.0004780815261916691,2.2597074793154985
33,1551086,0.952110759933287,0.873099795840122,0.07901096409316499,0.006242732446931408,8.298505532980341
33,1551089,0.970535550754684,0.9367022088777165,0.033833341876967515,0.0011446950225637638,3.486048692462514
33,1551083,0.9861713963122948,0.9672946249407277,0.01887677137156707,0.0003563324974144141,1.9141471190662365
33,1551090,0.9688958191171816,0.9547035316889538,0.014192287428227757,0.00020142102244543163,1.4647898306712883
33,1551094,0.9632812231601976,0.9758049321305063,0.012523708970308745,0.00015684328637299172,1.300109321058156
33,1551087,0.9883557030479668,0.994995936365016,0.006640233317049216,4.409269850485043e-05,0.6718465119968
33,1551085,0.932451999312239,0.9599932598298574,0.027541260517618404,0.0007585210308993263,2.9536384219168794
33,1551093,0.9937287105422824,1.0086296164338815,0.014900905891599092,0.00022203699639029254,1.4994943522832906
33,1551101,0.906317066200216,0.8739005907195457,0.03241647548067028,0.0010508278825888976,3.5767257055610937
33,1551100,0.852098475360172,0.7935769253309312,0.058521550029240865,0.0034247718178249415,6.867932723914862
33,1551099,1.0081719633297597,0.9856211970177803,0.022550766311979387,0.0005085370612575044,2.236797603208425
33,1551084,0.9862561524856618,0.9735815118202951,0.012674640665366721,0.00016064651599616774,1.285126651268316
33,1551096,0.9416937590664664,0.8350629184896187,0.10663084057684769,0.011370136162125106,11.32330330855697
33,1551097,1.0189740375196732,0.9816206985645582,0.037353338955114945,0.0013952719310957077,3.6657792622507097
33,1551102,0.9497949810231796,0.9341736282183842,0.015621352804795374,0.00024402666345188831,1.6447078703202938
33,1551095,0.72521981857259,0.8458568486906202,0.12063703011803018,0.014553293035698519,16.634546799268858
28,1551287,-0.11599969072939,0.15291046387533758,0.26891015460472756,0.07231267124953848,-231.81971685774138
28,1551295,-0.1415118261363199,0.15960988995480033,0.30112171609112026,0.09067428790166124,-212.7890822361704
28,1551285,0.0061489042128609,0.2972866513252329,0.291137747112372,0.08476118779366747,4734.790737241203
28,1551289,-0.06991416213765,0.2973013857325973,0.3672155478702473,0.13484725859764587,-525.2377152818589
28,1551279,-0.0029063652651,0.23472073963815804,0.23762710490325803,0.056466640984704,-8176.092239909217
28,1551291,0.1176047470814189,0.24870505905679297,0.13110031197537408,0.017187291800040413,111.47535726990007
28,1551297,-0.0570919345661,0.20007790962963723,0.25716984419573724,0.06613632876365977,-450.4486424400118
28,1551283,0.2958028664198809,0.4230926839234606,0.1272898175035797,0.016202697640094625,43.03197566817918
28,1551288,0.256070507088297,0.44414011134587317,0.18806960425757618,0.03537017604560132,73.44446121346061
28,1551292,0.118612010801599,0.264666181771804,0.146054170970205,0.021331820857793875,123.1360719569186
28,1551296,0.0808347828518739,0.3070856913096548,0.2262509084577809,0.05118947357797115,279.8930119876434
28,1551280,0.240550784161914,0.2894267277493825,0.048875943587468496,0.0023888578615654027,20.318347228737466
28,1551278,0.102808921960163,0.09734419694118485,0.005464725018978156,2.9863219533045807e-05,5.3154190461170865
28,1551281,0.4431995912995919,0.39861371714510574,0.04458587415448617,0.001987900174119678,10.059998932703715
28,1551290,0.2087781640409499,0.3084443240598983,0.0996661600189484,0.009933343452922629,47.73782760126189
28,1551282,0.055582181525745,0.39417907694367765,0.33859689541793264,0.11464785758666242,609.18245042451
28,1551284,0.1378678792820039,0.23414719257185412,0.09627931328985023,0.009269706167565131,69.83447761092654
28,1551286,-0.09129572211981,0.20355002131875713,0.2948457434385671,0.08693401242384134,-322.9568008144265
28,1551294,0.0176130175487739,0.23406133185223374,0.21644831430345984,0.04684987276480934,1228.9110239291595
24,1551566,0.9323352093095678,0.8100071983959464,0.12232801091362144,0.014964142254083088,13.120604015824986
24,1551573,0.947576638343872,0.7802558406124261,0.16732079773144581,0.027996249353487403,17.65775885145089
24,1551563,0.543224288981563,0.7609491570072485,0.21772486802568547,0.04740411815680216,40.08010548163744
24,1551558,0.828794531912897,0.7681492391381386,0.060645292774758386,0.003677851535736162,7.317289200109246
24,1551559,0.5927049429932449,0.7866640019341664,0.19395905894092147,0.03762011654524785,32.72438693718335
24,1551576,0.9487672289996736,0.8360215102413241,0.11274571875834949,0.01271159709833684,11.883390921630186
24,1551574,0.2618213802941119,0.6802609169948111,0.41843953670069917,0.17509164587429576,159.81870396934482
24,1551560,0.572543051040689,0.7346750860908647,0.1621320350501757,0.026286796789511402,28.31787666542711
24,1551562,0.601183096341436,0.7426385657178246,0.14145546937638864,0.020009649816494425,23.52951542337618
24,1551575,0.738308307329083,0.818229103411814,0.07992079608273095,0.006387333646497463,10.82485396539202
24,1551570,0.464138570561349,0.644585887685207,0.18044731712385798,0.03256123425719817,38.87789737138572
24,1551568,0.9588799084881056,0.8502843970529106,0.10859551143519497,0.011792985103871561,11.325246308103456
24,1551561,0.956665570037461,0.8211144161813235,0.13555115385613747,0.018374115311730253,14.169126401280394
24,1551567,0.862317266908174,0.7866169184538515,0.0757003484543225,0.005730542756105846,8.778711891708372
24,1551557,0.8791683958650081,0.8290543435933683,0.050114052271639786,0.002511418235084645,5.700165350272048
24,1551569,0.827078719930797,0.8088603728528042,0.018218347077992747,0.00033190817025420685,2.202734351515791
24,1551565,0.687899740061892,0.7396997530806976,0.051800013018805546,0.002683241348748424,7.530169006045121
24,1551571,0.689655594330622,0.785695620425778,0.09604002609515605,0.009223686612358254,13.92579526428293
24,1551564,0.806204675910526,0.7227792930972226,0.08342538281330347,0.006959794497546231,10.347916020095393
16,1551876,0.8325671826848959,0.802684700197343,0.029882482487552986,0.0008929627596189109,3.5891977379154874
16,1551875,0.9567009407239844,0.802684700197343,0.15401624052664142,0.023721002345960265,16.09868183155433
16,1551884,0.9459288982490432,0.7979571933028297,0.1479717049462136,0.021895625464689292,15.643005010219674
16,1551879,0.9705288770402456,0.8040133145398454,0.16651556250040023,0.027727432554824693,17.15719814625312
16,1551889,0.839799487021736,0.8040133145398454,0.035786172481890643,0.0012806501409036272,4.2612758205893515
16,1551881,0.627156925986917,0.7994380422173734,0.1722811162304564,0.029680783009612025,27.470176775828243
16,1551882,0.9473030160518996,0.8001081079603621,0.14719490809153746,0.02166634096807616,15.538313042114618
16,1551888,0.620732808468561,0.7837445859450287,0.16301177747646767,0.02657283959603741,26.261182791133862
16,1551891,1.0293002758701324,0.8039120209361001,0.22538825493403225,0.05079986546220831,21.897230596144293
16,1551883,1.126748519356034,0.7896701956634632,0.33707832369257085,0.11362179630339357,29.916021002203742
16,1551874,0.733800880597421,0.7944555408329267,0.0606546602355057,0.003678987808284636,8.265820039098884
16,1551886,0.9890717926072016,0.7888512379086259,0.2002205546985757,0.04008827052380534,20.243278212473598
16,1551885,0.9412466201990968,0.8052406352786026,0.1360059849204942,0.018497627934193697,14.44955891493407
16,1551892,0.9606197458421836,0.7837445859450287,0.17687515989715485,0.0312848221886441,18.41260922052845
16,1551877,0.723950478086416,0.80270513512598,0.07875465703956397,0.006202296005419342,10.87845915203101
16,1551893,0.9481352282423618,0.7856045799286563,0.16253064831370556,0.02641621164127344,17.14213790104628
16,1551880,0.9668523277561588,0.8014162873742275,0.16543604038193127,0.027369083457251996,17.110786790560887
16,1551887,0.9307715580166624,0.7856045799286563,0.14516697808800616,0.02107345152720366,15.596413194805358
16,1551878,0.868031301210289,0.7875430584947605,0.08048824271552857,0.006478357215433838,9.272504643934438
10,1551450,0.22352046597241,0.6236581160022738,0.40013765002986385,0.1601101389714218,179.01611303872926
10,1551440,0.9936032447108414,0.7936002316382065,0.2000030130726349,0.04000120523813257,20.129061991020354
10,1551455,0.875352365949159,0.7552005890753271,0.12015177687383194,0.014436449485939095,13.726104086501142
10,1551441,0.8571057633032659,0.798112010031674,0.05899375327159195,0.0034802629250694664,6.882902413843466
10,1551438,0.853196968756724,0.8180935440946921,0.03510342466203187,0.0012322504230029472,4.114340058331955
10,1551444,1.001654413809267,0.7950755329666912,0.2065788808425757,0.04267483401017109,20.623767837947355
10,1551446,0.884026859976127,0.7336145935706925,0.15041226640543448,0.022623849885219392,17.014445286141687
10,1551456,0.480797630016647,0.7566210226106613,0.27582339259401434,0.07607854390207176,57.36787691413211
10,1551449,0.794407550897854,0.7271668634630186,0.06724068743483536,0.004521310046709226,8.464255829245165
10,1551447,0.893833215971838,0.8401374635191763,0.05369575245266167,0.002883233831457522,6.007357020658479
10,1551451,0.9362266521985698,0.8749160154857082,0.06131063671286163,0.0037589941741364968,6.548695934780747
10,1551453,0.653167728010387,0.7937280027506919,0.14056027474030486,0.019757190835069983,21.519782547809772
10,1551445,0.555305046857864,0.7810355949650445,0.22573054810718052,0.05095428034876814,40.64982830328185
10,1551448,0.922359340967122,0.80039764240948,0.12196169855764205,0.014874655915065147,13.2227964894638
10,1551443,0.9255974272126096,0.8416452596536192,0.08395216755899038,0.007047966437852796,9.070051956800283
10,1551439,1.11769362360608,0.8261878190189861,0.29150580458709385,0.08497563410796895,26.081011686064
10,1551442,0.9725550167437288,0.864639029155314,0.10791598758841481,0.011645860377182899,11.096131913414519
10,1551437,0.9000978317151175,0.8244741001542407,0.07562373156087676,0.005718948775191548,8.401723556735753
10,1551454,0.689378635181431,0.687859336441765,0.0015192987396660529,2.308268660350857e-06,0.22038668768233627
7,1551775,0.832191452562017,0.7858091242388995,0.046382328323117505,0.0021513203806734684,5.573516548424412
7,1551792,0.774184861406765,0.7816162588308664,0.007431397424101371,5.5225667674940496e-05,0.9598996046755345
7,1551778,0.858555294079276,0.7816162588308664,0.07693903524840962,0.005919615144956017,8.96145370938745
7,1551787,0.679348042380591,0.7816162588308664,0.1022682164502754,0.01045878809592038,15.053876668563607
7,1551779,1.038345828419872,0.7858091242388995,0.2525367041809726,0.06377478695858808,24.321059252992473
7,1551785,0.6577425592578761,0.7858091242388995,0.12806656498102342,0.016401045066038695,19.47062162520235
7,1551790,1.0653149758366889,0.7858091242388995,0.2795058515977894,0.07812352107740547,26.236921280325383
7,1551791,0.808517117963414,0.7816162588308664,0.026900859132547583,0.0007236562220691688,3.3271848591540727
7,1551783,0.9082631213304388,0.7816162588308664,0.12664686249957247,0.016039427780985615,13.94385167968265
7,1551786,0.9636923239695998,0.7858091242388995,0.17788319973070033,0.03164243274643223,18.45850540740758
7,1551793,0.7499779643959821,0.7858091242388995,0.035831159842917404,0.0012838720156886968,4.777628349624264
7,1551774,0.9865311095205218,0.7858091242388995,0.20072198528162233,0.04028931537539581,20.346239803748116
7,1551780,0.554184263255088,0.7858091242388995,0.23162486098381152,0.05365007622577001,41.795640248484624
7,1551781,0.830637811840769,0.7816162588308664,0.04902155300990263,0.0024031126595026936,5.9016760748305455
7,1551782,0.844814116050713,0.7858091242388995,0.05900499181181351,0.0034815890587121794,6.984375697656018
7,1551777,0.5193966591623109,0.7858091242388995,0.26641246507658856,0.07097560154818451,51.292679761602955
7,1551784,0.875555914239529,0.7816162588308664,0.09393965540866267,0.008824658858298286,10.729144065031495
7,1551788,0.9111201384814966,0.7858091242388995,0.12531101424259716,0.01570285029050839,13.753511633651813
7,1551776,0.4354911174375759,0.7858091242388995,0.3503180068013236,0.12272270588925219,80.44205559520712
9,1551551,-0.0249382186558499,0.2997390702581395,0.3246772889139894,0.10541534193653813,-1301.9265465371482
9,1551547,0.005034333838227,0.3178705676318867,0.3128362337936597,0.09786650917420132,6214.05420948077
9,1551540,0.0194076460983899,0.2712902850523233,0.25188263895393337,0.06344486380639755,1297.852597254595
9,1551543,0.1368984555226889,0.2866056687672365,0.14970721324454758,0.02241224969744844,109.3563931550242
9,1551544,0.090092559520753,0.22499930351395034,0.13490674399319735,0.01819982957484609,149.7423812918994
9,1551545,0.109487441472909,0.18329093735824536,0.07380349588533637,0.005446956004896863,67.40818389075054
9,1551539,0.162331113664365,0.32752913317537174,0.16519801951100674,0.02729038565035896,101.76608524510546
9,1551542,0.0362672506725609,0.30886534044601766,0.2725980897734568,0.0743097185481376,751.6370409067132
9,1551549,-0.2402212014396301,0.2846603200206517,0.5248815214602818,0.27550061157046024,-218.49924915648612
9,1551555,0.209164505369786,0.2775196178446516,0.06835511247486561,0.004672421401451529,32.68007272745406
9,1551538,0.0245723002279409,0.3091713689433121,0.2845990687153712,0.08099662991365658,1158.2109370117357
9,1551553,0.0811278923900059,0.26663915517906117,0.18551126278905528,0.03441442862158992,228.66520665574237
9,1551537,-0.00012490790891,0.2744994682288424,0.2746243761377524,0.07541854796904972,-219861.47917633285
9,1551554,-0.0264864536684099,0.18515057306549695,0.21163702673390686,0.04479023108476841,-799.0387440441827
9,1551546,0.119356330172908,0.18407998603169973,0.06472365585879172,0.0041891516277273045,54.227250255624035
9,1551541,0.897386301538816,0.30040637983333707,0.596979921705479,0.3563850269194798,66.5242962458634
9,1551548,0.0987665863877099,0.2817069706049867,0.18294038421727676,0.03346718417756484,185.2249742631999
9,1551550,-0.1515167251365701,0.21118592489845217,0.3627026500350223,0.13155321234242784,-239.38126283293082
9,1551556,0.014421734062642,0.20277870578381751,0.18835697172117552,0.03547834879597171,1306.0632716081948
31,1551591,1.0968529481580005,0.8671903499115935,0.229662598246407,0.05274490903329055,20.93832164394423
31,1551596,1.032173977307286,0.8422733339774098,0.18990064332987622,0.03606225433710086,18.398123524222637
31,1551589,0.889948446797275,0.8160458903599569,0.07390255643731813,0.005461587847970992,8.304139043477953
31,1551579,1.0589375743194016,0.8696377162543906,0.18929985806501104,0.03583443626343333,17.876394478369274
31,1551581,0.897333579194753,0.793422606665931,0.10391097252882198,0.010797490211885596,11.579971477504426
31,1551580,1.0619093793587988,0.8350534793948836,0.2268558999639152,0.0514635993484379,21.363018763512112
31,1551594,0.86972642467763,0.7574745027680317,0.1122519219095982,0.012600493972398534,12.906578289972636
31,1551595,0.9233844235048528,0.8325225722259264,0.09086185127892643,0.008255876017833745,9.84008923759465
31,1551590,0.6941543452335139,0.7490472071587667,0.05489286192525278,0.003013226290344866,7.907875575825544
31,1551584,0.9981173451569414,0.8069662334887727,0.19115111166816867,0.03653874749197669,19.151166202618448
31,1551577,1.0219545183878405,0.8388471482721036,0.18310737011573686,0.033528308990701444,17.91736978712061
31,1551588,1.0164860767770565,0.8422070776404371,0.17427899913661937,0.030373169540061775,17.145242135455593
31,1551583,1.053017989612585,0.8804143602197869,0.17260362939279816,0.02979201287956642,16.391327697668356
31,1551585,1.029078708550779,0.8229153160968018,0.2061633924539773,0.04250334438813266,20.033782716611743
31,1551582,1.0284740700226649,0.8490709179741127,0.17940315204855217,0.03218549096495593,17.443624227161955
31,1551587,1.0665429392933454,0.8725444431140508,0.19399849617929465,0.037635416519827804,18.189468893566662
31,1551586,0.979596452847632,0.8384403399015756,0.14115611294605634,0.019925048222039814,14.409618627724043
31,1551578,1.0032781285321175,0.8537570439403289,0.1495210845917886,0.022356554737504798,14.903253678075377
31,1551593,1.0524547281139882,0.8918716690222558,0.16058305909173243,0.02578691886725883,15.257954076513982
43,1551214,0.9580944122987116,0.9903352246750302,0.032240812376318595,0.0010394699826849782,3.365097631554358
43,1551198,0.9635481717377316,0.9705798478316408,0.0070316760939092005,4.944446868965415e-05,0.7297690245447483
43,1551209,0.9275875288581256,0.9400800104591455,0.0124924816010199,0.00015606209655182074,1.3467711900351156
43,1551203,1.0228027474929549,0.9797084583596952,0.04309428913325963,0.0018571177559009793,4.213352891248121
43,1551212,0.9740178949486152,0.9626554501382293,0.011362444810385952,0.00012910515206906667,1.1665540098711824
43,1551211,0.999769756851877,0.9288567757273779,0.07091298112449906,0.00502865089196356,7.092931211261408
43,1551207,0.893451479505965,0.9284430925234847,0.03499161301751963,0.0012244129815678492,3.9164536429967387
43,1551202,0.9654161444090258,0.9775742689653523,0.012158124556326477,0.0001478199927271489,1.2593661942300547
43,1551217,0.9441536902084422,0.9282295727626766,0.015924117445765607,0.0002535775164265365,1.6866022566993322
43,1551215,0.788796959169533,0.8803650860352794,0.09156812686574645,0.008384721857701435,11.608580104334058
43,1551201,0.957664625088882,0.9010537771686304,0.056610847920251506,0.003204788102249844,5.911343745729084
43,1551206,0.867691609145377,0.9254338918667008,0.05774228272132376,0.003334171213869284,6.654701061151941
43,1551210,0.843021556352572,0.894446801751851,0.05142524539927895,0.002644555864376061,6.1001103722396
43,1551200,0.9738824185455168,0.9714838340001155,0.0023985845454013166,5.75320782143804e-06,0.2462909792522569
43,1551205,0.9424899331989616,0.9716618154849799,0.029171882286018302,0.0008509987161093084,3.095192983866074
43,1551204,0.9868114055269324,0.9529619858300661,0.03384941969686628,0.0011457832138145989,3.43018123901715
43,1551208,0.9267880178684113,0.9816084729274002,0.054820455058988915,0.003005282292874623,5.915101835808642
43,1551199,0.9284978235075166,0.9612854256982949,0.03278760219077825,0.0010750268574207268,3.5312524553820697
43,1551216,0.888015739095929,0.9123869748084621,0.02437123571253308,0.0005939571301558478,2.744459882810742
20,1551194,0.7825877352560919,0.5435397915715962,0.23904794368449578,0.057143919379785864,30.5458331271024
20,1551183,0.9671926871925144,0.5473081479273025,0.41988453926521185,0.17630302631395922,43.41270822508154
20,1551184,0.513100009589727,0.5475875698352558,0.03448756024552879,0.001189391811688978,6.721410953218443
20,1551192,0.862137076618338,0.5460691186444862,0.3160679579738519,0.09989895405776061,36.66098658157732
20,1551189,0.315165113908433,0.5407686837195792,0.2256035698111462,0.05089697071153272,71.58265932843453
20,1551191,0.103711675312239,0.5252707529957548,0.42155907768351575,0.17771205597737647,406.47215119643107
20,1551181,0.9548302985669148,0.5394791684302649,0.4153511301366499,0.1725165613057923,43.49999479070175
20,1551190,0.085767592141836,0.5359185620183037,0.4501509698764677,0.20263589568072451,524.8497231122471
20,1551195,0.047476154494637,0.5334527415832803,0.4859765870886433,0.2361732431983257,1023.6224737695219
20,1551180,0.580865106208168,0.5470984192676698,0.033766686940498225,0.0011401891469376133,5.813171867204063
20,1551185,0.859075176434023,0.5448885173822902,0.3141866590517328,0.0987132567260898,36.57266181941207
20,1551186,0.368803024855196,0.5303342412770198,0.16153121642182378,0.026092333878714073,43.7987775412759
20,1551182,0.623258142012033,0.537660369247137,0.085597772764896,0.007326978702310771,13.733919702767942
20,1551197,0.358445553521166,0.5407686837195792,0.18232313019841317,0.033241723805347526,50.86494403609532
20,1551196,0.429700001733697,0.5383028632845558,0.1086028615508588,0.011794581537035003,25.27411243022627
20,1551178,0.414876147011801,0.5337185728856553,0.1188424258738543,0.014123522187582553,28.645278049806482
20,1551179,0.9278825070363008,0.537660369247137,0.3902221377891638,0.15227331682074516,42.05512387937468
20,1551188,0.699939120908676,0.5435397915715962,0.1563993293370799,0.02446075021708838,22.34470465574762
20,1551187,0.344051886431965,0.5325866951320537,0.1885348087000887,0.03554537409157905,54.79836505339748
32,1551473,0.568674365517922,0.5071777149189917,0.06149665059893039,0.003781838034886926,10.814035998074594
32,1551460,0.583137906397292,0.5053117024258904,0.07782620397140161,0.006056918024598208,13.346106147038672
32,1551463,0.645427554004788,0.5782980622027453,0.06712949180204275,0.0045063686696005245,10.400778737367752
32,1551461,0.425224942517062,0.5839355682169415,0.15871062569987948,0.025189062710047245,37.323921960083815
32,1551470,0.779863525022357,0.47039338903923983,0.3094701359831172,0.09577176506540903,39.68260164164561
32,1551475,0.257435615376661,0.45480008152091866,0.19736446614425768,0.038952732496407835,76.66556387525806
32,1551468,0.337381842536556,0.4616502640937695,0.12426842155721352,0.015442640596321328,36.83316820576933
32,1551457,0.5748123141611621,0.5834892566384386,0.008676942477276572,7.52893307539665e-05,1.509526198988804
32,1551467,0.7393821079822129,0.5618122270338073,0.17756988094840565,0.031531062620030956,24.015982944596406
32,1551459,0.535134679287972,0.5438049302096262,0.008670250921654188,7.517325104444529e-05,1.6201997846954086
32,1551471,0.6074994333716119,0.5370650753101515,0.07043435806146048,0.004960998795530022,11.594143828340867
32,1551462,0.508661388853925,0.5294837559465496,0.02082236709262464,0.00043357097134001746,4.093561561560613
32,1551474,0.222445330576392,0.4937305529990685,0.2712852224226765,0.07359567190492106,121.955907871715
32,1551458,0.507575975937672,0.5421233685635487,0.034547392625876694,0.0011935223372464795,6.8063490518942436
32,1551466,0.225405256404089,0.4248974298822182,0.19949217347812917,0.03979712727902798,88.50378055092696
32,1551464,0.510003072404611,0.6164581143794491,0.10645504197483813,0.011332675961864547,20.873411893954632
32,1551476,0.3258387190954079,0.447468445087419,0.1216297259920111,0.014793790244891702,37.32819915622031
32,1551469,0.1292902208515369,0.4364642150711581,0.3071739942196212,0.09435586272483588,237.58486310604036
32,1551465,0.243365089540566,0.46921751588535393,0.22585242634478794,0.05100931848582786,92.80395424469503
45,1551118,0.9780081088113048,0.8655797978480827,0.11242831096322214,0.012640125106042977,11.495642004427783
45,1551112,0.9708085056752128,0.8860795044123496,0.0847290012628632,0.007179003655002274,8.727673971493774
45,1551104,1.0018793179858394,0.8970250755863063,0.10485424239953312,0.010994412149180049,10.465755756923922
45,1551103,0.9944708275878268,0.836165988330154,0.1583048392576728,0.025060422132397623,15.91850005712632
45,1551116,1.0209154210497893,0.8773887004264412,0.14352672062334804,0.0205999195328926,14.05862989862197
45,1551110,0.9072694052505688,0.8413472772078313,0.06592212804273745,0.004345726965683071,7.265992621511484
45,1551107,0.904399040670634,0.87744499490083,0.02695404576980398,0.0007265205833606878,2.9803266652977536
45,1551111,0.9543905007854274,0.9044610333198794,0.04992946746554805,0.0024929517213932214,5.231555366954929
45,1551113,1.0040382646066457,0.8375273919164788,0.16651087269016684,0.027725870724040952,16.58411621945516
45,1551105,0.9416837484948088,0.8429133486444307,0.09877039985037817,0.009755591886603583,10.48870175451718
45,1551108,1.0266127710658088,0.8779534783202909,0.14865929274551792,0.022099585319597596,14.480561408873067
45,1551109,1.167866608753596,0.8748716351002863,0.29299497365330973,0.08584605458610367,25.08805127719237
45,1551106,1.044237383526048,0.9096368990882366,0.13460048443781125,0.01811729041089347,12.889835832472254
45,1551114,0.7570380869003119,0.8999068589648108,0.14286877206449888,0.020411486031217736,18.87207189924542
45,1551117,0.9635194747656466,0.7612753264207718,0.2022441483448748,0.040902695539743725,20.990146399901874
40,1551833,0.9168595328984778,0.9366309889230988,0.019771456024621048,0.0003909104733335239,2.1564323994229886
40,1551820,0.9875288298290552,0.9716218773002044,0.01590695252885077,0.0002530311387551119,1.6107836093863022
40,1551821,1.0152594480632875,0.9611518535879896,0.05410759447529789,0.002927631779903287,5.329435207770165
40,1551825,0.9590047069481028,0.9734295594285717,0.014424852480468875,0.00020807636908328904,1.5041482461930695
40,1551831,0.823308071273129,0.9085662141840243,0.08525814291089528,0.007268950932614644,10.355557765765088
40,1551832,0.9245776836464298,0.9099791914370732,0.014598492209356606,0.00021311597478664552,1.5789362503085522
40,1551823,0.9214757411754844,0.9312278798012045,0.009752138625720108,9.510420777526209e-05,1.058317456440009
40,1551817,0.9676625166889744,0.9691039263812767,0.0014414096923023312,2.077661901063101e-06,0.1489578925961052
40,1551827,0.89172432220932,0.8969762946931631,0.005251972483843126,2.7583214971045332e-05,0.5889681769395876
40,1551826,0.89685974546963,0.9474262549988886,0.05056650952925856,0.0025569718859725973,5.63817361462466
40,1551830,0.9336586068826926,0.9756071144655803,0.041948507582887706,0.0017596772884315875,4.492917140553734
40,1551822,1.0219458425590706,0.9568117433140505,0.06513409924502012,0.00424245088446013,6.373537278836302
40,1551828,0.9556791950434728,0.9058404465467564,0.04983874849671632,0.0024839008517189435,5.2150082114583665
40,1551815,0.9666821480379808,0.9548814174074189,0.011800730630561862,0.00013925724341508095,1.220745687143714
40,1551816,0.881821197354252,0.972101918567446,0.09028072121319397,0.008150608622774452,10.237984920760042
40,1551824,0.9161848203687606,0.9294387631262842,0.013253942757523562,0.0001756669986197113,1.446645094184043
40,1551814,0.9921336927915168,0.9560150384879239,0.036118654303592845,0.001304557188702446,3.6405027433316577
40,1551818,0.9732404072165474,0.8889343376133017,0.08430606960324571,0.007107513371947311,8.662409511372404
40,1551819,1.0123063294243178,0.968324778003625,0.04398155142069271,0.001934376865371037,4.3446879805349345
6,1551316,0.079738425043942,0.2661815374575742,0.1864431124136322,0.034761034166482296,233.81840349980288
6,1551315,-0.05926845975074,0.13457015539625217,0.19383861514699216,0.03757340872210374,-327.05188554283626
6,1551304,0.030773649158344,0.17645413310937616,0.14568048395103217,0.02122280340420694,473.3935946349483
6,1551309,-0.0375245704642899,0.1380526063318954,0.17557717679618529,0.030827345011718906,-467.8992314203105
6,1551306,0.182584635716158,0.1855223635622942,0.0029377278461362177,8.630244897964142e-06,1.6089677176907395
6,1551311,-0.07105570766604,0.11139203599896358,0.18244774366500358,0.03328717916845085,-256.76718965702696
6,1551314,0.2173801147919729,0.2700797118820094,0.05269959709003652,0.0027772475334521857,24.243062499285486
6,1551317,-0.07092419544932,0.12561883417387265,0.19654302962319264,0.03862916249346318,-277.11703795587727
6,1551305,-0.10087653326237,0.24230143097432164,0.34317796423669167,0.11777111513764002,-340.1960328514852
6,1551300,0.1113890496649729,0.3385838748605583,0.2271948251955854,0.05161748859565261,203.9651347048241
6,1551312,0.0613598830636029,0.19354228641418414,0.13218240335058123,0.01747218775553575,215.4215372502697
6,1551301,0.298886522913265,0.30248296118216234,0.0035964382688973284,1.2934368221989213e-05,1.2032788343357295
6,1551298,-0.0545058041514701,0.25050094188709443,0.30500674603856454,0.0930291151290334,-559.5858106981769
6,1551310,0.363160999931871,0.20084703011891566,0.16231396981295534,0.02634582479644098,44.69476894363807
6,1551307,0.0531582217045919,0.13458728145080498,0.08142905974621309,0.006630691771152341,153.1824375140433
6,1551308,0.125695824992186,0.21374216650850875,0.08804634151632273,0.007752158254408936,70.04714875915427
6,1551302,0.111038279234093,0.24537382213371878,0.1343355428996258,0.018046038086137202,120.98129025974642
6,1551303,0.054333729765763,0.320144487235695,0.265810757469932,0.07065535878673901,489.21868352469664
6,1551299,0.000707811483846,0.23642772024761777,0.23571990876377177,0.05556387538760089,33302.6397767598
1,1551898,0.9713444049446122,0.8668536103192968,0.10449079462531541,0.010918326161429844,10.75733736596482
1,1551909,0.9728593381221176,0.8914262086736376,0.08143312944847991,0.006631354571772887,8.370493683667357
1,1551897,0.887854902577964,0.8364706379490721,0.051384264628891896,0.002640342651451991,5.787461946731748
1,1551902,0.724928177251634,0.8492375399688371,0.12430936271720305,0.015452817659157153,17.14781775878651
1,1551899,0.841088181279782,0.8992516090898856,0.05816342781010353,0.0033829843346211246,6.915259196913609
1,1551900,0.9514273715748,0.8922672097648208,0.059160161809979184,0.0034999247453829196,6.218042866693803
1,1551905,0.9946069713623692,0.8990308819170953,0.09557608944527385,0.009134788873650988,9.609432891301566
1,1551901,0.893069075668647,0.8134519717071637,0.07961710396148336,0.006338883243213649,8.914999537059714
1,1551906,0.968262483616982,0.8950732571586598,0.07318922645832215,0.005356662869567564,7.558820846277238
1,1551895,0.609913115672531,0.8827712930012934,0.2728581773287624,0.07445158493517434,44.7372208134745
1,1551911,0.9383168595606612,0.9003917129517249,0.03792514660893631,0.0014383167453093134,4.041827259364563
1,1551912,0.768841885627422,0.7891080499686333,0.020266164341211312,0.00041071741710498494,2.6359339573016216
1,1551903,1.035749753503354,0.886205706318957,0.14954404718439696,0.022363422048289144,14.438241156087583
1,1551904,0.80425461655164,0.8827441157208327,0.07848949916919268,0.006160601479830698,9.759284877434457
1,1551913,0.7736155935651741,0.8748937215725842,0.1012781280074101,0.010257259212685345,13.0915313561189
1,1551894,0.869735767877843,0.8799006703463635,0.010164902468520531,0.00010332524219453479,1.1687345563955491
1,1551907,0.802551484626973,0.8721918031984298,0.0696403185714568,0.004849773970733991,8.677364618398995
1,1551908,0.889955120511713,0.8449118938006553,0.04504322671105765,0.002028892272543737,5.061291931795208
1,1551896,0.9027379531469288,0.8537781760089178,0.04895977713801103,0.0023970597774037074,5.423476100383073
2,1551068,1.086732927583686,0.961276757967518,0.1254561696161679,0.01573925049476069,11.544342352367613
2,1551063,0.88006667782841,0.9192729843690829,0.03920630654067292,0.001537134472561212,4.454924556104728
2,1551080,0.820916879389868,0.7814014643369449,0.03951541505292311,0.0015614680268047822,4.813570782256572
2,1551074,0.9908356553332576,0.9493022976415166,0.041533357691740935,0.0017250198011500959,4.191750414731655
2,1551072,0.9686001735675628,0.9012444938643894,0.06735567970317335,0.004536787588276479,6.953919846523246
2,1551075,1.0091670141525175,0.8548174339178453,0.15434958023467227,0.02382379291861953,15.294750826184366
2,1551067,1.0351437802323518,0.9453809370387002,0.08976284319365158,0.008057368018208081,8.671533839821084
2,1551073,1.0614755879203062,0.9328538072311745,0.12862178068913166,0.016543562467643082,12.11726224821935
2,1551076,0.9118235479832988,0.7297208759113727,0.1821026720719261,0.03316138317573545,19.971262255146492
2,1551065,1.0534671305942862,0.9174949205554769,0.13597221003880933,0.01848844190283808,12.907114620852397
2,1551064,1.0957718064189874,0.9408249707822562,0.15494683563673117,0.024008521873836185,14.140429123021672
2,1551066,1.0397793422812298,0.8172287783038549,0.22255056397737494,0.04952875352664766,21.403633918049273
2,1551070,1.030276640292463,0.8448374457919103,0.18543919450055268,0.03438769485701381,17.998971077118895
2,1551077,1.0445830819339543,0.8918857963869328,0.15269728554702156,0.023316461013428637,14.618012505459676
2,1551079,1.11987058925587,0.8512205991598093,0.2686499900960607,0.07217281717861353,23.989378118642517
2,1551082,0.9631530878429811,0.9094991146376272,0.05365397320535392,0.0028787488407208367,5.570658899668181
2,1551081,0.9727518913196602,0.8579967446571614,0.11475514666249886,0.013168743685531625,11.796959500825958
2,1551069,0.9595472799319406,0.8915193004118156,0.06802797952012496,0.004627805997590541,7.089591200232478
2,1551071,1.040566840584955,0.9129231331435393,0.12764370744141573,0.01629291604938973,12.266747551715254
15,1551840,0.9428089367491144,0.9327263031893868,0.010082633559727605,0.00010165949949974535,1.0694249032570042
15,1551842,0.9672127083358296,0.9170801860613667,0.050132522274462965,0.0025132697895995254,5.183195158872567
15,1551848,0.45614673078428,0.801560798910839,0.345414068126559,0.11931087845973914,75.7243327235226
15,1551847,0.618055314235895,0.8833179006826926,0.26526258644679757,0.07036423976844475,42.91890714907016
15,1551841,0.89918820443717,0.9141686353958051,0.014980430958635105,0.0002244133117064331,1.6659950480569108
15,1551844,0.803782117569404,0.8965023547126629,0.09272023714325894,0.008597042375902175,11.535493900217661
15,1551838,0.847300742050442,0.8423667457313216,0.004933996319120393,2.4344319677093586e-05,0.5823193671682939
15,1551843,0.862618918800787,0.9146085215920534,0.05198960279126641,0.002702918798393656,6.026949056895525
15,1551845,1.0477964754360198,0.9381492892789018,0.10964718615711799,0.012022505432173687,10.464550008291495
15,1551837,0.9943480312421612,0.9008743958404011,0.09347363540176012,0.008737320515221183,9.40049484333879
15,1551849,0.9700336874289202,0.9290157162144723,0.041017971214447835,0.0016824739625492713,4.228509973005804
15,1551834,0.9150289330280384,0.9247082886096105,0.009679355581572069,9.368992447451036e-05,1.057819619926212
15,1551835,0.9462625839709607,0.9200628302144256,0.02619975375653516,0.0006864270969030782,2.7687614622347985
15,1551853,0.8024587199962789,0.910964271813254,0.10850555181697508,0.011773454775106263,13.521636579321891
15,1551851,0.7997044780475719,0.8074333274108731,0.0077288493633012045,5.9735112480601435e-05,0.9664631842716077
15,1551839,1.0386841857418967,0.9335703875491941,0.10511379819270261,0.011048910570496211,10.119899738111773
15,1551846,0.89364902145334,0.9173881623845429,0.023739140931202884,0.0005635468121515121,2.6564277877903293
15,1551852,1.0007901677895006,0.9004651056268869,0.10032506216261372,0.010065118097932308,10.024585112002761
15,1551836,1.0141329250660942,0.9256162965967594,0.08851662846933483,0.007835193515578258,8.728306347372158
41,1551867,0.745628037325065,0.9098556424677597,0.16422760514269474,0.026970706290904856,22.025406358357987
41,1551861,1.0093992594149723,0.9938024131778707,0.01559684623710167,0.0002432616125437925,1.5451612522621911
41,1551863,0.890434293208387,0.9334986424838745,0.04306434927548752,0.0018545381785211828,4.836330945916212
41,1551873,0.9624710342273818,0.9396956792607689,0.02277535496661287,0.0005187167938552176,2.366341859305476
41,1551860,1.0195433053612646,0.9997084387551762,0.019834866606088353,0.0003934219332813189,1.9454658278649648
41,1551856,1.0086985193989455,0.9686590103162646,0.040039509082680946,0.00160316228758209,3.9694228069789714
41,1551872,0.9020252004449132,0.9594774376042077,0.057452237159294484,0.003300759554607818,6.369249676279205
41,1551864,0.9134152288768452,0.9562466064279015,0.04283137755105626,0.001834526902921126,4.689146425084529
41,1551855,1.0070634593615495,0.9679311437524291,0.03913231560912045,0.001531338124931812,3.885784480148774
41,1551857,1.0162077828849772,1.0062340116260708,0.009973771258906305,9.947611312498547e-05,0.9814696784343778
41,1551868,1.0031766880726547,0.9168090184758747,0.08636766959678,0.007459374351578556,8.609417525711567
41,1551862,0.8983746786471349,0.9804504249549604,0.08207574630782544,0.006736428131986521,9.136026232554055
41,1551869,1.032496985086102,1.0065630921826023,0.02593389290349979,0.0006725668011301967,2.5117645163232227
41,1551859,1.011119075625735,1.0174459029172396,0.0063268272915044665,4.002874357652574e-05,0.625725242854219
41,1551854,1.0236049279684445,0.9926221904997394,0.030982737468705057,0.0009599300210547003,3.026825743228562
41,1551858,0.970859893276388,0.9640523528356281,0.006807540440759929,4.6342606852581896e-05,0.7011866993275757
41,1551866,0.9354558381809404,0.9902206996519455,0.05476486147100512,0.002999190051938381,5.854350278843654
41,1551865,1.0255776779564207,0.9830677568137829,0.04250992114263785,0.0018070933955532888,4.1449733215082905
41,1551871,0.869229900323417,0.8569087803083923,0.012321120015024611,0.0001518099984246401,1.4174754009773773
8,1551225,1.038402554992598,0.8686523682698581,0.16975018672273978,0.028815125892405022,16.347242782347525
8,1551236,1.0491826059248652,0.8251826452744535,0.22399996065041172,0.050175982371386,21.349949892941034
8,1551228,1.0466379186095225,0.8831383966032567,0.16349952200626583,0.026732093696277406,15.621402502164065
8,1551220,0.9550325121143968,0.906632966570131,0.04839954554426573,0.002342516008891453,5.0678427100990975
8,1551226,1.0293209643848913,0.8278707271731629,0.2014502372117284,0.04058219807266164,19.57117791068332
8,1551229,1.0567832992987023,0.8394993537377193,0.21728394556098296,0.04721231299854821,20.560879955727533
8,1551223,1.0440445131787794,0.9038757935180077,0.1401687196607717,0.01964726997134001,13.425550145750305
8,1551235,0.894836275251922,0.7738789554003372,0.12095731985158475,0.014630673225678579,13.517257089016848
8,1551237,1.0121187980486002,0.8226862199346315,0.18943257811396863,0.03588470165090483,18.71643709011246
8,1551224,0.754922519423355,0.8516968692089932,0.09677434978563826,0.009365274776433063,12.819110212735344
8,1551219,0.9660441409376744,0.8729327390844219,0.0931114018532525,0.008669733155077875,9.638421052155598
8,1551232,0.9696085718191974,0.8968286038681211,0.07277996795107622,0.005296923734959682,7.506118455050899
8,1551227,1.0484224698503373,0.8225550548478818,0.22586741500245544,0.051016089159891434,21.543549618380283
8,1551221,0.896710254266211,0.7854498797219406,0.1112603745442704,0.012378870943731333,12.40761706637515
8,1551234,1.0512714785440689,0.8794850501200677,0.17178642842400116,0.029510576990674473,16.34082460430795
8,1551218,1.016261172600484,0.8374858039289816,0.17877536867150234,0.03196063244363158,17.591478794180315
8,1551230,0.9655616313837816,0.7888821013705178,0.17667953001326375,0.031215656325707768,18.298110060572505
8,1551231,0.172762129331506,0.7575115305396558,0.5847494012081498,0.3419318622132897,338.47082313167067
8,1551222,1.027639855717871,0.9050738728955748,0.12256598282229614,0.015022420145195392,11.926939398110061
27,1551664,1.126236645458612,0.9724101425359613,0.15382650292265065,0.02366259300141225,13.65845300301087
27,1551657,1.137224916281356,0.9439896239282781,0.1932352923530778,0.03733987821077944,16.991827173901832
27,1551663,0.880649293098878,0.9333989163670575,0.05274962326817956,0.00278252275493487,5.9898558576662495
27,1551666,0.862873187320888,0.9080282828047584,0.04515509548387042,0.002038982648157455,5.233109122798366
27,1551654,0.9415662911206938,0.9476413519961381,0.006075060875444294,3.6906364640353985e-05,0.6452079829890138
27,1551670,0.787777215603353,0.9513028002925206,0.16352558468916756,0.02674061684793411,20.757846438085224
27,1551661,0.750345018690091,0.9403994106505639,0.1900543919604729,0.036120671903465074,25.328933654048765
27,1551673,0.849479042443119,0.9193022350466105,0.06982319260349146,0.004875278225344264,8.219530925998896
27,1551665,1.0389885071202851,0.947587621071299,0.09140088604898611,0.008354121970539743,8.797102703505121
27,1551667,0.3756129498052329,0.8861743578281517,0.5105614080229188,0.2606729513623454,135.92753079670467
27,1551671,0.783684893909757,0.8626306778409231,0.07894578393116602,0.006232436800506351,10.0736641148345
27,1551660,1.0630005316694693,0.9503413676501058,0.11265916401936349,0.012692087237541845,10.59822273488701
27,1551662,0.9312981140858482,0.9434998998349237,0.012201785749075489,0.0001488835754663417,1.3101911798729053
27,1551656,1.055443884810925,0.9498877263851,0.10555615842582511,0.011142102581617888,10.001115165372786
27,1551658,0.717358850335658,0.9145372715370628,0.19717842120140472,0.03887932978747857,27.486720364451255
27,1551659,1.12740921708543,0.9672046625748429,0.16020455451058702,0.025665499285935648,14.209973812769302
27,1551655,1.0240227024922852,0.9479202490721985,0.0761024534200867,0.005791583416556466,7.4317154526815825
27,1551668,0.9755248196687948,0.9404424561780959,0.03508236349069893,0.0012307722280935254,3.5962553472099166
27,1551672,0.9407520979592152,0.9151819650144423,0.02557013294477295,0.000653831698813363,2.7180521840177176
29,1551756,0.9360417903086276,0.9065778986463833,0.02946389166224428,0.000868120911884468,3.1477111350476754
29,1551758,0.800040165883822,0.8483929073225113,0.048352741438689284,0.0023379876046367397,6.043789237165729
29,1551757,0.9228298378350258,0.9026453967018343,0.02018444113319151,0.0004074116638592734,2.187233258576093
29,1551766,0.9596614004488364,0.8717874167040164,0.08787398374482003,0.007721837019184895,9.156769638095385
29,1551773,0.867228453363355,0.8383559786794553,0.02887247468389964,0.0008336197943724257,3.3292812951332595
29,1551754,0.9026825613170906,0.9030407103500703,0.00035814903297970435,1.2827072982429736e-07,0.03967607754127148
29,1551770,0.9789390919754548,0.9248765781155853,0.05406251385986949,0.0029227554048485804,5.522561546783649
29,1551761,0.9173046696515158,0.8859767286738252,0.03132794097769065,0.000981439885901669,3.4152165593566792
29,1551772,0.9021032829038418,0.832682420944546,0.06942086195929575,0.0048192560751715964,7.695444997809144
29,1551771,0.792663709315113,0.7983310800928227,0.005667370777709735,3.2119091532038244e-05,0.7149779548513109
29,1551755,0.946399395116947,0.8904921385700105,0.05590725654693651,0.0031256213346049755,5.907363934866846
29,1551760,0.969286231411825,0.9280243120373681,0.04126191937445689,0.001702545990464181,4.256938563375275
29,1551763,0.831608837291549,0.8112217643698617,0.020387072921687288,0.00041563274231419506,2.451521918416062
29,1551764,0.882520602627391,0.8629833617598727,0.01953724086751829,0.0003817037807154269,2.213799973547712
29,1551768,1.0116910129531018,0.9065716992010363,0.10511931375206551,0.011050070123705189,10.390456414673958
29,1551762,0.9837261473420832,0.8931445350774688,0.09058161226461436,0.008205028480456936,9.20801104142201
29,1551767,0.80235260793671,0.8005707001559741,0.0017819077807359474,3.175195339047309e-06,0.2220853728285638
29,1551765,0.995672763558174,0.93130805341679,0.06436471014138401,0.004142815911584381,6.464444192624877
29,1551759,0.9286306304248396,0.901013893194568,0.027616737230271582,0.0007626841752458685,2.97392055845037
11,1551608,0.222020281703813,0.6293471308745007,0.4073268491706877,0.16591516205532014,183.46380161524326
11,1551609,0.810939008933091,0.8355122344520016,0.024573225518910613,0.0006038434124032398,3.0302187030366547
11,1551613,0.9694403942153508,0.8327408890175045,0.13669950519784624,0.01868675472133599,14.100867470917445
11,1551597,0.877527996856061,0.8769868464774558,0.0005411503786051375,2.9284373226448366e-07,0.0616675912955403
11,1551598,1.0004818421824488,0.852364987433836,0.1481168547486128,0.021938602660621663,14.804552017207131
11,1551601,0.9761768415694214,0.8869030965430353,0.08927374502638608,0.007969801551036193,9.145243077356627
11,1551612,0.785506817951426,0.7590925417895259,0.026414276161900063,0.000697713985157122,3.3627048878821397
11,1551605,1.015745961845843,0.8749315464976316,0.14081441534821149,0.019828699569858617,13.86315285884272
11,1551599,0.802149727017784,0.8323300732875745,0.030180346269790492,0.0009108533009644569,3.762433028805529
11,1551602,1.005368335894209,0.8396332321108193,0.16573510378338963,0.02746812462609093,16.48501328977893
11,1551603,0.8311003002513471,0.7976531179326761,0.03344718231867094,0.0011187140050584142,4.024445943354324
11,1551606,0.9495000028450044,0.8741437821430248,0.07535622070197956,0.005678559998485453,7.936410792647533
11,1551600,0.9910158456230932,0.8169455688672921,0.1740702767558011,0.030300461249841194,17.564832845468363
11,1551607,0.9169870008442502,0.8405819295831525,0.07640507126109775,0.005837734914413425,8.332186954749984
11,1551604,1.033084939328121,0.7713077615450176,0.2617771777831034,0.06852729080808652,25.339366379046556
11,1551611,0.852934691779297,0.840933645683523,0.012001046095774015,0.00014402510739289272,1.407029894720166
11,1551614,0.816689748664617,0.864342962042724,0.04765321337810702,0.0022708287452593975,5.834922436093459
35,1551370,0.639560691642035,0.8482638026148166,0.2087031109727816,0.04355698852971719,32.6322605032133
35,1551374,0.8137059309392309,0.8187860247948288,0.0050800938555978226,2.580735358168275e-05,0.6243156971627399
35,1551360,0.857405413081548,0.9654358464153571,0.10803043333380902,0.011670574526290554,12.599691077939838
35,1551358,0.9004755639523281,0.951975644493555,0.0515000805412269,0.0026522582957528578,5.719209116034753
35,1551369,0.837898813149694,0.8502643119723897,0.012365498822695664,0.00015290556113408784,1.4757747151130667
35,1551368,0.9694290489008056,0.934715553726706,0.03471349517409961,0.0012050267472022366,3.5808185460771744
35,1551359,0.9080055159531186,0.9648229056253472,0.0568173896722286,0.0032282157691658694,6.25738375747512
35,1551364,1.0083755116201294,0.9380041996183058,0.07037131200182356,0.004952121552857997,6.978681174908729
35,1551375,0.9333562876186356,0.8762273976263979,0.05712888999223775,0.0032637100717452026,6.120801964916993
35,1551376,0.9653367272072092,0.907348948205565,0.0579877790016442,0.0033625825135435283,6.007000186288069
35,1551357,0.9455504986403888,0.9360741250237119,0.009476373616676859,8.980165692284925e-05,1.0022070349815244
35,1551361,0.9112442695700498,0.8639758228711939,0.04726844669885588,0.0022343060533225796,5.187242134445294
35,1551371,0.936962095529676,0.9668545904622808,0.02989249493260482,0.0008935612532958048,3.1903633108771845
35,1551362,0.9789190708321396,0.9676224527297521,0.011296618102387468,0.00012761358055118823,1.153988969975288
35,1551373,0.9625864894871652,0.9655348019100226,0.0029483124228574242,8.692546142775416e-06,0.3062906507682431
35,1551365,0.9546160723334436,0.8945558662104036,0.06006020612303997,0.003607228359542048,6.2915561411227925
35,1551366,0.894930374625503,0.8825727676017788,0.012357607023724126,0.00015271045135279587,1.3808456360524528
35,1551367,1.0015696576359,0.9630749481662987,0.03849470946960121,0.0014818426571490048,3.8434380650532014
35,1551363,0.84781194857642,0.9099660763323649,0.06215412775594498,0.0038631355971023296,7.331121938103062
13,1551616,0.9002286365181094,0.8288581231103602,0.07137051340774914,0.005093750184085699,7.92804300069757
13,1551618,0.371506479837028,0.7952784672459722,0.4237719874089442,0.17958269731252635,114.06853188532375
13,1551626,0.9691787846093676,0.8597979693294319,0.1093808152799357,0.011964162751303416,11.285927531319436
13,1551615,0.95952458930285,0.8442638675738073,0.11526072172904267,0.013285033973499808,12.0122738920934
13,1551625,0.795646192297612,0.8387112995899028,0.04306510729229074,0.001854603466096513,5.412595159656367
13,1551624,0.846182894882018,0.851434500185093,0.005251605303075002,2.7579358259285483e-05,0.6206229569090055
13,1551629,0.834104806491492,0.8318960058915106,0.0022088005999814087,4.8788000904782305e-06,0.2648109185789638
13,1551619,0.9655936652130858,0.8241204178271052,0.14147324738598055,0.02001467972593485,14.651426628276445
13,1551631,0.9213823091733476,0.8292111966205175,0.09217111255283017,0.008495513989226487,10.003568728764165
13,1551622,0.717707885600783,0.7765717355414791,0.058863849940696045,0.003464952829840782,8.201644585724727
13,1551633,0.852614353486256,0.8385201093510848,0.014094244135171241,0.00019864771774180892,1.653062029455787
13,1551620,0.9906734840724056,0.8450599502895207,0.14561353378288489,0.021203301220739358,14.698438600002175
13,1551632,0.8246101129600509,0.7861447709356618,0.038465342024389115,0.0014795825370532353,4.66467017804481
13,1551623,0.660937266359514,0.7939405427470989,0.1330032763875849,0.017689871529832302,20.123434273902532
13,1551621,0.877088199074574,0.7991265765828497,0.07796162249172434,0.006078014581542138,8.888686744843056
13,1551627,0.8140042459746251,0.8407845434997219,0.026780297525096808,0.0007171843355327062,3.2899456799555353
13,1551634,0.9176777302886197,0.8371968581386618,0.0804808721499578,0.006477170782017854,8.770058321524887
13,1551617,0.704205626549113,0.8007171353388769,0.09651150878976389,0.009314471328876672,13.705018129819353
13,1551628,0.723889079913583,0.7633233037421614,0.03943422382857842,0.001555058008962422,5.447550587900294
26,1551929,1.0842830070133678,0.9687791207748587,0.11550388623850905,0.01334114773619844,10.652558925244232
26,1551914,1.0420484051902688,0.9791873804869063,0.06286102470336241,0.00395150842675674,6.032447666563488
26,1551917,1.046090006654134,0.922392885174179,0.12369712147995515,0.015300977862426783,11.824711133183857
26,1551924,0.9748053932523404,0.9773709221895415,0.002565528937201078,6.581938727616094e-06,0.26318370363559934
26,1551926,0.9890831379217468,0.9862132072230524,0.002869930698694456,8.23650221530885e-06,0.2901607143687365
26,1551919,1.0740655502082537,1.013586506019218,0.06047904418903571,0.0036577147860193345,5.630852248944141
26,1551915,1.0821147171923478,1.00927283282648,0.0728418843658678,0.005305940117970457,6.731438285477087
26,1551922,0.9813015868866306,0.9669579346878308,0.01434365219879985,0.00020574035840013576,1.4616966272629668
26,1551928,1.0291300961519545,0.771736269749371,0.25739382640258346,0.06625158187016326,25.01081518896503
26,1551920,1.0664475051768771,1.0374149816049807,0.02903252357189645,0.000842887424952723,2.7223584312367275
26,1551927,0.947726129547291,0.9424497457740622,0.00527638377322881,2.7840225722392293e-05,0.5567414054257667
26,1551923,0.901228358940974,0.9437485817937215,0.04252022285274748,0.001807969351447309,4.7180298346040335
26,1551932,0.9353704146361296,0.7863359599818189,0.14903445465431064,0.022211268674107776,15.933201683772182
26,1551933,0.958966666775804,0.9266750259378809,0.03229164083792313,0.001042750068005425,3.367337151195534
26,1551916,1.0617398670120648,0.9760944070632311,0.08564545994883366,0.00733514480984727,8.06652011569049
26,1551921,1.0018559599853052,0.9665848446184968,0.03527111536680838,0.0012440515792187063,3.5205774857421344
26,1551931,1.0536593335701103,0.9090070596491765,0.14465227392093383,0.02092428035049687,13.728561909171253
26,1551918,1.0017398373540778,0.9474776236287039,0.054262213725373876,0.002944387838378153,5.4167970267308245
26,1551925,1.112599577375287,1.0085475511754565,0.10405202619983056,0.010826824156290226,9.35215402879244
19,1551401,0.9365776895780272,0.8707083263343439,0.06586936324368331,0.004338773014128298,7.032984447169629
19,1551416,0.9397964220516432,0.9316525566707738,0.008143865380869308,6.632254334172161e-05,0.8665563296240972
19,1551413,0.9901242373741296,0.9797875340705221,0.010336703303607475,0.00010684743518680969,1.0439804333061322
19,1551402,0.9378877397222752,0.976396727632819,0.0385089879105438,0.0014829421498944086,4.105927210643246
19,1551400,1.0450976253171511,0.9763447214989266,0.06875290381822452,0.0047269617834380315,6.57861066303355
19,1551409,0.903339922189268,0.8652809474862616,0.03805897470300634,0.0014484855554440768,4.213139900954385
19,1551404,0.9682311171591218,0.9372160272755854,0.031015089883536406,0.0009619358004838423,3.203273405892748
19,1551399,0.9666521163230082,0.9732974434121617,0.006645327089153552,4.416037212183802e-05,0.6874579775846688
19,1551410,0.802148392274896,0.874286682120931,0.07213828984603499,0.005203932861910555,8.99313525287391
19,1551405,0.936845305527005,0.9045886504177175,0.032256655109287435,0.0010404917988395192,3.443114345451307
19,1551398,0.9024703371979512,0.9619050621851434,0.059434724987192156,0.0035324865343031634,6.5857815528573465
19,1551406,0.918529296250953,0.884161352607846,0.034367943643107024,0.0011811555502557805,3.7416273801371815
19,1551408,0.8922448719355109,0.956060082553528,0.06381521061801709,0.004072381106221882,7.152208168995728
19,1551414,0.846527925918481,0.8121544385781486,0.03437348734033241,0.0011815366319359924,4.060526095821027
19,1551407,0.968699611912694,0.9956591309419454,0.02695951902925131,0.0007268156662885635,2.7830628502080055
19,1551411,0.9523636937105004,0.9618480953966112,0.009484401686110755,8.995387534350053e-05,0.9958802239886544
19,1551415,0.9177691601764248,0.8749165409823879,0.042852619194036934,0.0018363469717891426,4.669215425129265
19,1551403,0.90723136507827,0.9211014874352361,0.013870122356966164,0.0001923802941972126,1.5288407004942495
19,1551397,0.95534283983578,0.9411002262123168,0.01424261362346324,0.0002028520428272607,1.4908379515265424
21,1551121,1.071176499227892,0.8696234658559118,0.20155303337198027,0.04062362526144659,18.816043249386112
21,1551131,0.8858320997317,0.7878294883928544,0.09800261133884558,0.009604511829232824,11.063339358387275
21,1551129,1.0632935077333128,0.9109907522859726,0.15230275544734018,0.023196129316852308,14.323679618058913
21,1551135,0.9627780250915458,0.8970056572810614,0.06577236781048434,0.004326004367397637,6.831519425698398
21,1551123,1.0471077481059825,0.9132377902695463,0.13386995783643618,0.017921165611129202,12.784735675825273
21,1551119,0.9998091317670632,0.8161140283359648,0.1836951034310984,0.03374389102456194,18.373017168430497
21,1551136,0.759622816502285,0.7251431781851072,0.03447963831717782,0.0011888454584833969,4.5390472176626755
21,1551126,1.0286929678562426,0.8724669122955093,0.15622605556073332,0.024406580436065334,15.186849763958485
21,1551137,1.0005412382409502,0.8237147405961709,0.1768264976447793,0.031267610269319145,17.673084415356797
21,1551127,0.647515759252548,0.8078375701436096,0.16032181089106157,0.025703083047389306,24.75952262167752
21,1551128,0.9295776305036416,0.811329563244499,0.11824806725914261,0.013982605410522713,12.720623149577756
21,1551130,0.9838129056297816,0.874359689027157,0.10945321660262464,0.011980006624661066,11.125409717263146
21,1551120,1.0465504929503795,0.9035701177773587,0.14298037517302076,0.02044338768461777,13.66206180553583
21,1551124,1.042982725211638,0.8850055461906136,0.15797717902102437,0.024956789091440782,15.146672634387906
21,1551133,1.067507291029687,0.8761310469891084,0.19137624404057862,0.03662486678307911,17.927394561959627
21,1551138,0.794523673529081,0.7924977715789298,0.0020259019501512876,4.10427871162679e-06,0.25498320788262024
21,1551122,1.008749239628677,0.885325873814998,0.12342336581367896,0.015233327228777217,12.23528712240828
21,1551125,1.02469874976489,0.8279413209660492,0.19675742879884084,0.03871348578753092,19.201490081254168
21,1551132,0.3088280883634979,0.6638398962233053,0.3550118078598074,0.12603338371988881,114.95450745462965
38,1551382,1.00737845868304,0.9969690633164748,0.010409395366565266,0.00010835551189747043,1.033315262684256
38,1551395,0.85540797035015,0.9485844561427415,0.09317648579259141,0.00868185750465699,10.892637083385
38,1551381,0.9488973664312214,0.9627640884535843,0.013866722022362943,0.0001922859796454854,1.4613510915848917
38,1551384,1.023939281061806,0.970211165200878,0.05372811586092796,0.002886710433965299,5.2471974515142055
38,1551385,0.9553968969227306,0.9563516190567818,0.0009547221340512335,9.114943532473415e-07,0.0999293735542087
38,1551388,1.0002662812060903,0.9825899462093202,0.017676334996770127,0.0003124528189180404,1.767162937398684
38,1551377,0.968059602698056,1.0066269296605668,0.03856732696251075,0.0014874387090332087,3.9839826860888183
38,1551380,1.035855865562924,1.0039230975007147,0.03193276806220924,0.0010197016761148503,3.082742408844279
38,1551383,0.9908109625898358,0.969942034117304,0.020868928472531856,0.0004355121755916508,2.1062472318618184
38,1551390,0.9696165802765232,0.8755435069852667,0.09407307329125647,0.008849743118462112,9.702090001846702
38,1551378,0.9940904258648408,0.9852294171356207,0.008861008729220021,7.851747569931342e-05,0.8913684810424668
38,1551389,0.9214557200321694,0.8980681155933442,0.02338760443882515,0.0005469800413869538,2.5381148470171366
38,1551393,1.039272139983915,0.9807407143092955,0.05853142567461955,0.003425927791503513,5.631963315741866
38,1551379,1.0286415802550677,0.9799672980771343,0.04867428217793335,0.0023691857455370798,4.731899148570662
38,1551396,0.9289823351757408,0.9305453996456742,0.0015630644699333729,2.443170537168096e-06,0.16825556426082947
38,1551387,1.0301024563456225,1.0048599080612752,0.025242548284347244,0.0006371862438876019,2.450489087648365
38,1551394,0.7449106130229419,0.84038540501526,0.09547479199231812,0.009115435905976412,12.8169461306061
38,1551386,0.9390823346067398,0.9722781000712353,0.03319576546449543,0.0011019588447737875,3.5349153360867818
38,1551391,1.0144032105008474,0.9851438853074915,0.029259325193355834,0.0008561081107705474,2.8843880707859206
14,1551807,0.925831007217952,0.8674613396307979,0.05836966758715412,0.00340701809423487,6.304570394822949
14,1551802,0.98649774094833,0.9464538044311013,0.040043936517228707,0.0016035168517958428,4.0592020493360765
14,1551796,1.0937209739720826,0.9604289610254465,0.13329201294663606,0.017766760715366196,12.187021746740166
14,1551803,1.0233860301348667,0.9131039696595002,0.11028206047536648,0.01216213286269239,10.776193657913522
14,1551799,0.999498136674236,0.9632955859407685,0.036202550733467564,0.001310624679609293,3.622072858877872
14,1551813,1.0110236415092668,0.9234754995725232,0.08754814193674365,0.007664677156576212,8.659356551351346
14,1551811,0.844603226674461,0.8225266315949443,0.022076595079516648,0.0004873760503049387,2.613842142948114
14,1551794,0.9987126404848424,0.939256404353369,0.05945623613147344,0.0035350440149215278,5.953287634630255
14,1551795,0.901908410442242,0.9479681006964238,0.04605969025418177,0.002121495066311167,5.106914374109989
14,1551808,0.311832461129354,0.8533466083937462,0.5415141472643923,0.29323757168748193,173.6554768234222
14,1551800,1.0334179576785945,0.9503582530155253,0.08305970466306911,0.006898914538716265,8.037377717883793
14,1551805,1.014470615016675,0.9665159478067197,0.047954667209955226,0.002299650107217555,4.7270632091366185
14,1551798,0.9084987034501129,0.9037515066949967,0.004747196755116145,2.253587703178526e-05,0.5225320341226906
14,1551804,0.9692108184386716,0.8969171843778083,0.07229363406086331,0.0052263695257260155,7.4590205438815795
14,1551801,1.0192156259823415,0.9349376422960024,0.0842779836863391,0.007102778534234839,8.26890616056933
14,1551810,1.009659534278068,0.9705909230433305,0.039068611234737594,0.0015263563838110645,3.8694837129104744
14,1551812,1.0163759604888236,0.913269348123818,0.10310661236500562,0.01063097351338753,10.14453473647849
14,1551806,0.9508460910472196,0.9545915449947302,0.0037454539475105797,1.4028425272922584e-05,0.3939074875288705
14,1551797,1.0059562901362271,0.9451991051998934,0.06075718493633375,0.003691435521387861,6.039744025866768
30,1551944,0.9238655983158576,0.9211909996598829,0.002674598655974636,7.153477970541329e-06,0.289500838742155
30,1551945,1.096223616886464,0.9859020727143378,0.11032154417212625,0.012170843108522404,10.063781008975676
30,1551936,0.942730186918742,0.9868292405603594,0.04409905364161737,0.001944726532086246,4.67780222311036
30,1551940,1.012700745947624,0.9946290930346898,0.018071652912934222,0.00032658463900556395,1.7845007999894247
30,1551948,0.63069866623935,0.7055697287884614,0.07487106254911136,0.005605676007232945,11.87113062970991
30,1551951,1.0512808217442826,0.9982427353257095,0.053038086418573105,0.002813038610944029,5.045092169623378
30,1551946,0.9920562777040318,0.9871329583381034,0.00492331936592838,2.423907357892543e-05,0.4962742010284616
30,1551949,1.0047616952517628,0.988475794322997,0.016285900928765806,0.00026523056906157497,1.6208719943971444
30,1551947,0.866720583694597,0.8836084636761388,0.01688787998154173,0.00028520049027095794,1.948480317561311
30,1551952,0.841241676711864,0.8090044808813817,0.032237195830482346,0.0010392367950128683,3.8320968543174065
30,1551953,0.816097790193936,0.9016438841854127,0.08554609399147672,0.00731813419719857,10.482333737375725
30,1551941,0.8559979267065,0.9314227230506849,0.07542479634418486,0.005688899903561763,8.81132932580643
30,1551942,0.954165596608855,0.9350559703450078,0.019109626263847268,0.0003651778159439213,2.002757836979628
30,1551937,1.0008075194470405,0.9859526414092086,0.01485487803783192,0.00022066740151886112,1.4842892113799702
30,1551939,1.0449628162854965,0.9633935617309307,0.08156925455456576,0.0066535432885875476,7.805948047464309
30,1551934,0.9888742506598264,0.9595746096098087,0.0292996410500177,0.0008584689656598823,2.962928909360064
30,1551938,0.9266425308936552,0.8910659879379239,0.035576542955731316,0.0012656904086809956,3.839295280502747
30,1551935,1.018728444828342,0.9646500649851789,0.054078379843163105,0.0029244711664614294,5.308419541801979
30,1551943,0.9683412334473546,0.911403190468668,0.05693804297868654,0.003241940738242756,5.879956466997031
37,1551526,0.1606502719459219,0.2191012914363311,0.058451019490409206,0.003416521679468197,36.38401527890658
37,1551533,0.3618468120846709,0.32203692326436284,0.03980988882030806,0.0015848272478852885,11.001862526010783
37,1551534,0.0504492275397769,0.2573164962809117,0.20686726874113479,0.04279406687641688,410.050418667024
37,1551525,-0.0105005918096499,0.2831655486817761,0.29366614049142603,0.08623980207112997,-2796.662757822382
37,1551527,0.394247428734283,0.4052637660630299,0.011016337328746906,0.00012135968814074251,2.79426992437578
37,1551530,0.41245846048222,0.3817340244276226,0.030724436054597404,0.0009439909708730448,7.44909827250879
37,1551519,0.4163264118963989,0.4092441030584713,0.007082308837927598,5.015909847578736e-05,1.7011432941924427
37,1551524,0.314765625362153,0.38323710042047204,0.06847147505831902,0.004688342896662004,21.75316157205517
37,1551518,0.323483298321537,0.43652903240840063,0.11304573408686364,0.012779337995237883,34.946389712676314
37,1551536,0.232187151753484,0.2775017801306952,0.0453146283772112,0.0020534155449647546,19.51642372758089
37,1551521,0.9449812307987976,0.4322703806105623,0.5127108501882354,0.2628724159007431,54.25619403623902
37,1551520,0.411225024579724,0.38965815650603236,0.021566868073691625,0.0004651297985080191,5.244541743473218
37,1551523,0.434710092636856,0.4172719083147664,0.0174381843220896,0.0003040902724511715,4.011451451774079
37,1551535,0.1509940745250729,0.325565585280295,0.1745715107552221,0.030475212367360623,115.61480892830274
37,1551528,0.3244345028404349,0.3429597652675102,0.018525262427075306,0.00034318534799200807,5.71001612494541
37,1551529,0.0693504548349279,0.349919047448215,0.2805685926132871,0.07871873516100066,404.5663338201793
37,1551517,0.321120469724639,0.3199907836280402,0.0011296860965988031,1.2761906768486404e-06,0.35179510592006474
37,1551522,0.401417200366836,0.45875664958752993,0.05733944922069395,0.00328781243693254,14.284253183046012
37,1551531,0.32223157644148,0.4439570530625373,0.12172547662105732,0.014817091658623572,37.77577541137211
