variant_out,mutation_id,y_true,y_pred,absolute_error,squared_error,percentage_error
1551714,1551714,0.865530660410239,0.8647311895855905,0.000799470824648485,6.391535994641286e-07,0.09236770702837456
1551694,1551694,1.0447232299371596,1.007303679682581,0.03741955025457866,0.0014002227412549379,3.5817668433417964
1551501,1551501,0.893375399161367,0.7694566865976127,0.12391871256375431,0.01535584732345836,13.87084451621119
1551341,1551341,1.0418001430131625,0.8960035444995857,0.14579659851357674,0.021256648138129088,13.994680216869071
1551243,1551243,0.453748798449437,0.4537897820240487,4.0983574611686e-05,1.6796533879516335e-09,0.009032216669605785
1551700,1551700,1.0348828379978123,1.0354747639971247,0.0005919259993123482,3.5037638866192207e-07,0.05719739255291424
1551323,1551323,1.0080137962975708,1.0080850608097036,7.126451213279594e-05,5.07863068952542e-09,0.007069795313769524
1551270,1551270,0.074182224088293,0.09781176695885928,0.023629542870566275,0.0005583552962719295,31.85337614364591
1551489,1551489,0.807243773248577,0.7824398698164712,0.02480390343210581,0.0006152336254692304,3.072665811008724
1551746,1551746,0.87135881522925,0.7823318544062778,0.08902696082297212,0.007925799753375012,10.217026472561662
1551164,1551164,0.9020986113037348,0.9021712993623254,7.268805859061978e-05,5.283553861673373e-09,0.008057662175709286
1551423,1551423,0.9977683098918158,0.9749684022154135,0.022799907676402276,0.0005198357900524674,2.285090381240349
1551681,1551681,0.9588358619728125,0.9587373824839451,9.847948886732016e-05,9.698209727568635e-09,0.010270734833039915
1551424,1551424,1.102380785827286,0.9566616757106632,0.14571911011662286,0.02123405905318046,13.218582180500125
1551682,1551682,1.0111537789408145,0.9847913990458776,0.026362379894936838,0.00069497507372497,2.6071583219074235
1551643,1551643,0.9254512728664096,0.9245327654962776,0.0009185073701319935,8.436557889867908e-07,0.09924967386852158
1551149,1551149,1.0068792648430511,0.9718186818872365,0.0350605829558146,0.0012292444772015573,3.4821039800913693
1551092,1551092,0.9205647791546498,0.9207155395037695,0.00015076034911964964,2.2728682866678645e-08,0.016376940823012165
1551287,1551287,-0.11599969072939,-0.10908355001432946,0.00691614071506054,4.7833002390518116e-05,-5.962206167596486
1551426,1551426,0.9178025287486166,0.8911944287170791,0.026608100031537463,0.0007079909872883039,2.8991094705106595
1551566,1551566,0.9323352093095678,0.8712243674050083,0.06111084190455951,0.0037345349982840664,6.554599814997288
1551646,1551646,0.9964382386042526,0.9722535384866464,0.024184700117606206,0.0005848997197785416,2.427114815613921
1551876,1551876,0.8325671826848959,0.8334929457835694,0.0009257630986734267,8.570373148654247e-07,0.11119380128435867
1551450,1551450,0.22352046597241,0.608501567672371,0.38498110169996097,0.14821044866611569,172.23528057045152
1551775,1551775,0.832191452562017,0.8321200386367285,7.141392528853263e-05,5.09994872511612e-09,0.008581429798236324
1551252,1551252,0.4383782330407509,0.43726798335201333,0.0011102496887375746,1.2326543713418812e-06,0.25326295994134534
1551551,1551551,-0.0249382186558499,0.08305799967129683,0.10799621832714673,0.011663183172964744,-433.0550622620892
1551591,1551591,1.0968529481580005,1.0198484894376547,0.07700445872034578,0.005929686662813438,7.020490654619034
1551351,1551351,1.0067865002123582,1.0066631582664576,0.00012334194590057912,1.5213235618541387e-08,0.012251052817510268
1551214,1551214,0.9580944122987116,0.9578626845966562,0.00023172770205537319,5.3697727899863806e-08,0.02418631181653587
1551194,1551194,0.7825877352560919,0.7774313444357237,0.0051563908203682285,2.6588366292377733e-05,0.6588898072470897
1551473,1551473,0.568674365517922,0.569437043211846,0.0007626776939239077,5.816772648090899e-07,0.1341150120648214
1551573,1551573,0.947576638343872,0.7962215065122858,0.1513551318315861,0.022908375931756812,15.972864431959529
1551750,1551750,0.884760301192901,0.8851185944653438,0.00035829327244274456,1.2837406907773078e-07,0.04049608373699254
1551118,1551118,0.9780081088113048,0.9778903724392009,0.00011773637210399368,1.3861853316210061e-08,0.012038384042346374
1551596,1551596,1.032173977307286,0.993311545295115,0.03886243201217099,0.0015102886219006124,3.7651048046720272
1551653,1551653,0.951564182720786,0.9486955316960188,0.002868651024767188,8.229158701897839e-06,0.3014668980672348
1551833,1551833,0.9168595328984778,0.9158879793256387,0.0009715535728390678,9.439163448963579e-07,0.10596536742849641
1551335,1551335,0.811161243623888,0.8112586518112205,9.740818733250389e-05,9.488354959404172e-09,0.012008486364231333
1551316,1551316,0.079738425043942,0.17312731201679132,0.09338888697284932,0.008721484210027625,117.11905134994186
1551692,1551692,0.8711239004810201,0.8722535942690254,0.0011296937880053148,1.2762080546577973e-06,0.1296823319141533
1551792,1551792,0.774184861406765,0.7741433514924777,4.150991428730766e-05,1.7230729841396284e-09,0.005361757424690575
1551198,1551198,0.9635481717377316,0.9635379330693986,1.0238668332940293e-05,1.0483032923195436e-10,0.0010626005666613582
1551139,1551139,0.9381533535569216,0.9383311726432305,0.00017781908630887244,3.1619627455722226e-08,0.01895415985400338
1551778,1551778,0.858555294079276,0.7850040474336579,0.07355124664561807,0.005409785883124544,8.5668619310647
1551898,1551898,0.9713444049446122,0.8692058817953167,0.1021385231492955,0.010432277911119173,10.5151707910563
1551440,1551440,0.9936032447108414,0.8715587154566212,0.12204452925422016,0.0148948671208842,12.283024426891599
1551717,1551717,1.0240307109496112,0.8977981048602273,0.12623260608938391,0.015934670840117564,12.327033236368958
1551068,1551068,1.086732927583686,1.0593333149554158,0.027399612628270065,0.0007507387721792564,2.521283006413745
1551183,1551183,0.9671926871925144,0.7770824602312854,0.19011022696122903,0.03614189839525001,19.655879276038057
1551563,1551563,0.543224288981563,0.7250672372174519,0.18184294823588887,0.03306685782312016,33.47474550094364
1551740,1551740,0.82655883757605,0.8271352800479085,0.0005764424718585071,3.322859233623457e-07,0.06974004095691128
1551820,1551820,0.9875288298290552,0.9875771725252969,4.834269624165444e-05,2.33701627991287e-09,0.004895319992837346
1551840,1551840,0.9428089367491144,0.9428427311572959,3.379440818152002e-05,1.1420620243391872e-09,0.003584438677262227
1551867,1551867,0.745628037325065,0.7889632643189904,0.043335226993925446,0.0018779418986150447,5.811909534597203
1551821,1551821,1.0152594480632875,0.9857166318225657,0.029542816240721748,0.0008727779914330527,2.909878484467958
1551225,1551225,1.038402554992598,0.9862341699098501,0.05216838508274779,0.0027215404021418625,5.023907619634051
1551091,1551091,0.9689739015761104,0.929413294618438,0.039560606957672384,0.0015650416228594366,4.0827319387368455
1551547,1551547,0.005034333838227,0.0750696547963659,0.0700353209581389,0.00490494618170953,1391.153690014408
1551664,1551664,1.126236645458612,1.0308729764328441,0.09536366902576776,0.009094229370056177,8.467462802805086
1551825,1551825,0.9590047069481028,0.9587488479156292,0.0002558590324736043,6.54638444983289e-08,0.02667964303197631
1551112,1551112,0.9708085056752128,0.9705974825164626,0.00021102315875021205,4.45307735289172e-08,0.021736846918480802
1551169,1551169,0.9524497846267552,0.9125538816825911,0.03989590294416412,0.0015916830717301632,4.188767070780374
1551209,1551209,0.9275875288581256,0.9275823746533095,5.154204816060215e-06,2.6565827285898316e-11,0.0005556569763723667
1551756,1551756,0.9360417903086276,0.9313290067878082,0.004712783520819386,2.2210328514106766e-05,0.5034800336495133
1551140,1551140,1.0707607268183827,0.9604206046491393,0.11034012216924349,0.012174942560323579,10.3048346288441
1551608,1551608,0.222020281703813,0.7890124256642439,0.5669921439604308,0.32148009131284594,255.37853551452966
1551350,1551350,0.2737296893893269,0.7861607287783109,0.5124310393889839,0.2625855701292744,187.20331014592688
1551370,1551370,0.639560691642035,0.7855668371227731,0.1460061454807381,0.021317794518142457,22.829130587415523
1551478,1551478,0.842257416049381,0.8420092487062061,0.00024816734317489875,6.158703021848796e-08,0.02946454830150749
1551616,1551616,0.9002286365181094,0.8963607426210795,0.003867893897029906,1.4960603198681192e-05,0.4296568382883361
1551875,1551875,0.9567009407239844,0.9367467909375465,0.019954149786437836,0.00039816809369959714,2.0857249049360727
1551609,1551609,0.810939008933091,0.811266970725835,0.0003279617927439693,1.0755893749983827e-07,0.040442226743470026
1551929,1551929,1.0842830070133678,1.030755721568468,0.05352728544489982,0.002865170287099784,4.936652617321697
1551516,1551516,0.198478353599667,0.2673436387557214,0.06886528515605442,0.004742427499624689,34.696622531924284
1551753,1551753,0.864703119819884,0.8095888367744385,0.05511428304544552,0.0030375841956134836,6.373780987042781
1551315,1551315,-0.05926845975074,0.025953604240158287,0.0852220639908983,0.007262800190868764,-143.78990840880465
1551374,1551374,0.8137059309392309,0.813759846068275,5.39151290440687e-05,2.9068411398385802e-09,0.006625873917600236
1551455,1551455,0.875352365949159,0.7823251263686858,0.09302723958047321,0.008654067303962761,10.627404825667233
1551613,1551613,0.9694403942153508,0.9046492655866489,0.06479112862870184,0.0041978903489809875,6.683353511501109
1551258,1551258,0.050961568597209,0.2346863506648166,0.18372478206760762,0.03375479554578991,360.5163403028956
1551597,1551597,0.877527996856061,0.8773889612761804,0.00013903557988059756,1.9330892472734026e-08,0.015844005020776934
1551635,1551635,1.0252226363483006,0.9603886452023773,0.06483399114592325,0.004203446407909654,6.323893839961713
1551338,1551338,0.9805574677267545,0.9696681051288661,0.010889362597888308,0.0001185782177882888,1.1105277310399084
1551914,1551914,1.0420484051902688,1.01076821325353,0.0312801919367387,0.0009784504075992127,3.001798359935805
1551401,1551401,0.9365776895780272,0.936591609240915,1.3919662887773576e-05,1.93757014909261e-10,0.0014862261873913574
1551441,1551441,0.8571057633032659,0.8271409694723578,0.02996479383090811,0.0008978888693288287,3.4960439089132342
1551678,1551678,0.9399932966275746,0.9398370951378288,0.00015620148974582193,2.4398905398814113e-08,0.016617298262256542
1551758,1551758,0.800040165883822,0.7987784613789809,0.001261704504841088,1.591898257536295e-06,0.15770514514696338
1551460,1551460,0.583137906397292,0.584518361766404,0.0013804553691120214,1.9056570261102072e-06,0.23672880016335565
1551540,1551540,0.0194076460983899,0.01937065158020994,3.699451817996274e-05,1.368594375367594e-09,0.19061826453560426
1551618,1551618,0.371506479837028,0.7772969712166519,0.40579049137962386,0.16466592289411658,109.2283751168043
1551360,1551360,0.857405413081548,0.8576883007531043,0.0002828876715562645,8.002543471852498e-08,0.03299345528267139
1551121,1551121,1.071176499227892,1.0112014611191409,0.059975038108751155,0.0035970051961461535,5.598987482640012
1551917,1551917,1.046090006654134,1.0242779390179275,0.021812067636206578,0.0004757662945664504,2.0851042928869354
1551163,1551163,1.0032147282449533,0.9573238956682203,0.04589083257673299,0.0021059685145857375,4.574377875912513
1551203,1551203,1.0228027474929549,0.9667358340475328,0.05606691344542203,0.0031434987832964453,5.481693667997135
1551543,1551543,0.1368984555226889,0.1371500276300712,0.00025157210738230296,6.328852521277297e-08,0.18376548254089586
1551382,1551382,1.00737845868304,1.0076179993877317,0.0002395407046915654,5.737974920413175e-08,0.023778620897325946
1551509,1551509,0.223931766993245,0.2881163643123142,0.0641845973190692,0.004119662533011065,28.662569040954942
1551589,1551589,0.889948446797275,0.8899885024145677,4.005561729270024e-05,1.6044524766992665e-09,0.004500891870405688
1551787,1551787,0.679348042380591,0.7699018153865663,0.09055377300597534,0.008199985805617708,13.329511142573427
1551151,1551151,0.9589966984907766,0.8855480479640379,0.07344865052673877,0.005394704264199003,7.658905462586968
1551131,1551131,0.8858320997317,0.8358158958724212,0.05001620385927874,0.0025016206484929295,5.646239719065002
1551807,1551807,0.925831007217952,0.9257629150793579,6.809213859404473e-05,4.6365393383105954e-09,0.007354704915171954
1551264,1551264,0.22569636382789,0.22568836340269607,8.000425193915861e-06,6.400680328344364e-11,0.0035447736322490207
1551184,1551184,0.513100009589727,0.5138291493638638,0.0007291397741368,5.316448102282637e-07,0.14210480617995264
1551544,1551544,0.090092559520753,0.08983924487567026,0.0002533146450827417,6.41683094133954e-08,0.2811715489383895
1551861,1551861,1.0093992594149723,1.0094039258660894,4.666451117074644e-06,2.177576602804719e-11,0.0004622998356249267
1551484,1551484,0.96682296341263,0.8313118595267291,0.13551110388590082,0.018363259276375405,14.016123842112973
1551802,1551802,0.98649774094833,0.9542339214582634,0.032263819490066625,0.001040954048087603,3.2705416495988215
1551842,1551842,0.9672127083358296,0.9582441772385228,0.008968531097306776,8.043455004335868e-05,0.9272552996887192
1551545,1551545,0.109487441472909,0.11050808498300749,0.0010206435100984929,1.0417131747061723e-06,0.9322014437162965
1551863,1551863,0.890434293208387,0.889958183425669,0.00047610978271794835,2.26680525199732e-07,0.05346938975165067
1551684,1551684,0.9401100866302456,0.9403327140917136,0.0002226274614679502,4.956298659966365e-08,0.023680999133403803
1551129,1551129,1.0632935077333128,1.04000457084556,0.023288936887752687,0.0005423745813617278,2.19026418560564
1551924,1551924,0.9748053932523404,0.9751447841857923,0.00033939093345192184,1.1518620570936684e-07,0.034816275720385384
1551944,1551944,0.9238655983158576,0.9236494378525405,0.00021616046331707217,4.6725345901451304e-08,0.0233973928362651
1551884,1551884,0.9459288982490432,0.9460246427885852,9.574453954197537e-05,9.167016852104885e-09,0.010121748021357927
1551705,1551705,0.9971803556497972,0.996922837939158,0.00025751771063919904,6.631537129285425e-08,0.02582458721535801
1551626,1551626,0.9691787846093676,0.9692556578572498,7.687324788219208e-05,5.909496239956948e-09,0.007931792266085995
1551926,1551926,0.9890831379217468,0.9890104542749423,7.268364680457218e-05,5.2829125128117955e-09,0.007348588204354029
1551419,1551419,0.9857749776746566,0.9693823853824954,0.016392592292161168,0.00026871708205702174,1.6629142211369206
1551539,1551539,0.162331113664365,0.1623531078489482,2.1994184583207232e-05,4.837441554801907e-10,0.013548964266137112
1551579,1551579,1.0589375743194016,1.030158900599806,0.028778673719595638,0.0008282120610589446,2.71769313106981
1551796,1551796,1.0937209739720826,0.9851012765673368,0.10861969740474575,0.01179823866429853,9.931207317920402
1551687,1551687,0.9678640628650126,0.8725366948217885,0.09532736804322406,0.009087307098048296,9.84925173903469
1551848,1551848,0.45614673078428,0.7858645924390311,0.3297178616547511,0.10871386829418157,72.28328943361004
1551640,1551640,1.057872449495041,0.9904763297227014,0.0673961197723395,0.004542236960367532,6.370911711001644
1551779,1551779,1.038345828419872,0.8185512685391402,0.21979455988073193,0.04830964855316466,21.167760669411038
1551919,1551919,1.0740655502082537,1.0690131315983376,0.005052418609916121,2.5526933809826745e-05,0.4704013278273838
1551879,1551879,0.9705288770402456,0.9705408249066427,1.1947866397132856e-05,1.4275151144373644e-10,0.001231067583848657
1551418,1551418,0.9681390198998726,0.9658279103983769,0.0023111095014957117,5.341227127903757e-06,0.23871669811787283
1551438,1551438,0.853196968756724,0.853053800254755,0.00014316850196904873,2.049721995606151e-08,0.016780240344462714
1551558,1551558,0.828794531912897,0.7824035629345117,0.04639096897838524,0.0021521220027535017,5.597402877563959
1551598,1551598,1.0004818421824488,0.9249746612660887,0.0755071809163601,0.005701334369935936,7.547081589371868
1551358,1551358,0.9004755639523281,0.9004694020075935,6.161944734572877e-06,3.796956291193041e-11,0.0006842989394989397
1551915,1551915,1.0821147171923478,1.0678349767385462,0.014279740453801537,0.00020391098742793612,1.3196142910662667
1551212,1551212,0.9740178949486152,0.9483961818024302,0.025621713146185,0.0006564721845453892,2.630517701888494
1551192,1551192,0.862137076618338,0.7772810044508788,0.08485607216745927,0.007200552983689056,9.842526724439256
1551431,1551431,0.990486620068132,0.9449257983373922,0.04556082173073983,0.002075788476780255,4.599842219736988
1551511,1551511,0.310555245660143,0.3790184078707959,0.0684631622106529,0.004687204579882172,22.045405179075857
1551730,1551730,0.9867840432977352,0.9866330863724287,0.00015095692530642246,2.278799329796881e-08,0.015297868498353425
1551651,1551651,0.9988174178015246,0.99864108391163,0.00017633388989457544,3.1093640725352255e-08,0.017654266610878707
1551135,1551135,0.9627780250915458,0.9640894617006076,0.0013114366090618557,1.7198659795876585e-06,0.13621380784393763
1551416,1551416,0.9397964220516432,0.9301298909551681,0.009666531096475084,9.344182343911979e-05,1.0285771332659845
1551873,1551873,0.9624710342273818,0.9454360649795759,0.017034969247805898,0.00029019017727369264,1.7699201993627396
1551295,1551295,-0.1415118261363199,-0.0524792446544151,0.08903258148190481,0.007926800565332019,-62.9152940165854
1551831,1551831,0.823308071273129,0.8226919292165757,0.0006161420565532483,3.796310338536662e-07,0.07483736380726501
1551276,1551276,0.3985290169693509,0.4002580847583556,0.0017290677890047235,2.989675418973683e-06,0.4338624580346927
1551395,1551395,0.85540797035015,0.8556010578042165,0.0001930874540664318,3.728276491785641e-08,0.02257255727783247
1551860,1551860,1.0195433053612646,1.017277908333728,0.0022653970275365864,5.132023692371601e-06,0.22219723435228353
1551847,1551847,0.618055314235895,0.7875597974952715,0.1695044832593765,0.02873176984502825,27.425455190679138
1551803,1551803,1.0233860301348667,0.9706412379787414,0.052744792156125375,0.002782013099592865,5.153948813349975
1551785,1551785,0.6577425592578761,0.7884346875691228,0.13069212831124677,0.01708043240252339,19.869799585221504
1551945,1551945,1.096223616886464,1.002957587048659,0.09326602983780519,0.008698552321706368,8.507938380556231
1551856,1551856,1.0086985193989455,0.9738000934396014,0.034898425959344115,0.0012179001344398233,3.4597479116098127
1551936,1551936,0.942730186918742,0.9430084470554422,0.00027826013670018135,7.74287036764036e-08,0.029516413132972673
1551799,1551799,0.999498136674236,1.0002060269466655,0.0007078902724294567,5.011086378002504e-07,0.07082457149794343
1551909,1551909,0.9728593381221176,0.8775887249951257,0.09527061312699181,0.009076489725592943,9.792845624619273
1551813,1551813,1.0110236415092668,0.9589676916327512,0.05205594987651563,0.0027098219175463074,5.148836064684497
1551872,1551872,0.9020252004449132,0.9019744712591702,5.072918574300367e-05,2.5734502861481668e-09,0.00562392111860978
1551615,1551615,0.95952458930285,0.9216848032035906,0.03783978609925942,0.0014318494120377065,3.9435973315443857
1551481,1551481,0.827753432460514,0.7824053168195997,0.045348115640914344,0.00205645159218174,5.478456973124972
1551581,1551581,0.897333579194753,0.8975103734548378,0.00017679426008476717,3.12562103989203e-08,0.019702178117909995
1551738,1551738,0.858553291964944,0.782353427864512,0.076199864100432,0.005806419288924306,8.875379643124512
1551381,1551381,0.9488973664312214,0.9489625886007828,6.522216956139637e-05,4.2539314022955396e-09,0.0068734693412307885
1551104,1551104,1.0018793179858394,0.99324159750946,0.008637720476379451,7.461021502806486e-05,0.8621517902719634
1551580,1551580,1.0619093793587988,0.9896665571849964,0.0722428221738024,0.005219025355635636,6.8031061386258775
1551657,1551657,1.137224916281356,0.9532254618434459,0.18399945443791,0.033855799233448516,16.179688978287167
1551757,1551757,0.9228298378350258,0.9226214579567398,0.00020837987828603577,4.342217367450308e-08,0.02258053107330149
1551088,1551088,0.9676064574876924,0.967162453132314,0.0004440043553783912,1.9713986759498072e-07,0.045886873939557066
1551463,1551463,0.645427554004788,0.6454691048839349,4.1550879146923236e-05,1.7264755578822202e-09,0.006437729360809873
1551342,1551342,1.0722963485106471,1.001941738396363,0.07035461011428423,0.004949771164332945,6.561116263428707
1551369,1551369,0.837898813149694,0.839046955995072,0.0011481428453778975,1.3182319933924546e-06,0.13702643175516432
1551504,1551504,0.3502912087975229,0.35127269447509935,0.0009814856775764436,9.633141352876906e-07,0.2801913530589821
1551444,1551444,1.001654413809267,0.9319042526331374,0.06975016117612953,0.004865084984096047,6.963495614307873
1551344,1551344,0.9555417165260428,0.955214774302901,0.00032694222314177956,1.0689121727288918e-07,0.03421537934841895
1551663,1551663,0.880649293098878,0.8809399950237853,0.0002907019249073217,8.450760914482211e-08,0.033009953813098916
1551248,1551248,0.342985693813294,0.34303364052371405,4.794671042002152e-05,2.2988870401014005e-09,0.013979215834617741
1551625,1551625,0.795646192297612,0.7956385597603074,7.632537304624876e-06,5.825562570649036e-11,0.0009592878566519827
1551347,1551347,1.0269931727887949,1.0270231253362685,2.995254747362175e-05,8.971551001595646e-10,0.0029165283925194703
1551446,1551446,0.884026859976127,0.7823105124540125,0.10171634752211445,0.010346215353239558,11.506024548265568
1551744,1551744,0.850041636570272,0.8293169689077224,0.020724667662549545,0.0004295118497231268,2.4380767683532474
1551189,1551189,0.315165113908433,0.46935595515210604,0.15419084124367305,0.023774815523431587,48.92382895159873
1551368,1551368,0.9694290489008056,0.9142977885622239,0.055131260338581733,0.003039455866520475,5.68698249769725
1551479,1551479,0.99314008892882,0.8769916981246191,0.11614839080420092,0.013490448686405384,11.695066194485829
1551559,1551559,0.5927049429932449,0.727146892483238,0.1344419494899931,0.018074637782669857,22.682778518944346
1551211,1551211,0.999769756851877,0.9158576615885903,0.08391209526328669,0.007041239731474901,8.393141989763036
1551191,1551191,0.103711675312239,0.41546195791138096,0.31175028259914195,0.09718823870064487,300.59323760856495
1551123,1551123,1.0471077481059825,1.0471466304654704,3.888235948790175e-05,1.5118378793464234e-09,0.003713310264223763
1551063,1551063,0.88006667782841,0.8815335526406258,0.001466874812215857,2.151721714713306e-06,0.166677690358123
1551103,1551103,0.9944708275878268,0.9583474741256489,0.036123353462177876,0.0013048966653534384,3.632419620573298
1551159,1551159,0.785506150579983,0.7888421124339003,0.0033359618539173796,1.112864149079188e-05,0.4246894631511482
1551728,1551728,0.9441957346094038,0.9440151615969155,0.00018057301248830537,3.2606612839101686e-08,0.01912453169077332
1551413,1551413,0.9901242373741296,0.9863982135276136,0.003726023846515991,1.3883253704805822e-05,0.3763188199894627
1551277,1551277,-0.0770056844684099,0.03992541666666672,0.11693110113507663,0.013672882412661519,-151.84736288273024
1551456,1551456,0.480797630016647,0.749428718916319,0.268631088899672,0.0721626619234235,55.87196610981028
1551576,1551576,0.9487672289996736,0.8873772347781789,0.061389994221494715,0.0037687313905151545,6.470501124519325
1551080,1551080,0.820916879389868,0.8212937966734992,0.00037691728363120625,1.4206663869992718e-07,0.04591418365174113
1551574,1551574,0.2618213802941119,0.6685675315647897,0.40674615127067776,0.16544243157350907,155.35253492811302
1551236,1551236,1.0491826059248652,0.9195288486832056,0.12965375724165962,0.016810096766879203,12.357596905389839
1551674,1551674,0.9804166523521052,0.9804190533413123,2.40098920711862e-06,5.7647491727001e-12,0.00024489478033226354
1551119,1551119,0.9998091317670632,0.8911647583532171,0.10864437341384614,0.011803599874487238,10.866511413216243
1551086,1551086,0.952110759933287,0.9038377332470009,0.04827302668628608,0.002330285105454888,5.070106201684823
1551461,1551461,0.425224942517062,0.506300139301777,0.08107519678471498,0.006573187533680257,19.066425479371276
1551144,1551144,0.9536256931107924,0.9541786994532275,0.0005530063424351583,3.058160147735116e-07,0.05798987447907509
1551940,1551940,1.012700745947624,1.012810417559373,0.00010967161174901818,1.2027862423627383e-08,0.010829616961167944
1551449,1551449,0.794407550897854,0.7824614950108472,0.011946055887006812,0.00014270825125549012,1.5037691766027603
1551666,1551666,0.862873187320888,0.862238367437497,0.0006348198833909802,4.0299628434853766e-07,0.07357047277851055
1551089,1551089,0.970535550754684,0.956485905561253,0.014049645193430993,0.0001973925300612986,1.4476177799469636
1551304,1551304,0.030773649158344,0.10566873788763408,0.07489508872929007,0.005609274315768233,243.37409042366667
1551841,1551841,0.89918820443717,0.8697857603338082,0.02940244410336179,0.0008645037192513145,3.2698876562516412
1551285,1551285,0.0061489042128609,0.08498608676349072,0.07883718255062981,0.006215301352521329,1282.1338537968418
1551384,1551384,1.023939281061806,0.9878109615654286,0.036128319496377403,0.0013052554696323237,3.5283654182026307
1551505,1551505,0.282860732221021,0.2825959619941085,0.00026477022691245855,7.01032730592748e-08,0.09360444796755071
1551624,1551624,0.846182894882018,0.8463908521456704,0.00020795726365241407,4.324622350579966e-08,0.024575923823348996
1551385,1551385,0.9553968969227306,0.9286204517306694,0.026776445192061127,0.0007169780171234534,2.802651471687449
1551228,1551228,1.0466379186095225,1.0036973178497282,0.042940600759794334,0.0018438951936120497,4.1027178545988185
1551447,1551447,0.893833215971838,0.8942714722514923,0.00043825627965432545,1.920685666564503e-07,0.04903110242751749
1551526,1551526,0.1606502719459219,0.16087875181567898,0.00022847986975707557,5.220305088421021e-08,0.14222190039864138
1551346,1551346,0.9263996076880991,0.9249430105825481,0.0014565971055510163,2.1216751278995986e-06,0.15723205120801653
1551844,1551844,0.803782117569404,0.8026477134389458,0.0011344041304581776,1.286872731200574e-06,0.14113328794730562
1551074,1551074,0.9908356553332576,0.9904601952993194,0.0003754600339381797,1.4097023708485908e-07,0.03789327038416856
1551309,1551309,-0.0375245704642899,-0.010914504300144566,0.02661006616414533,0.0007080956212601922,-70.91371289504484
1551289,1551289,-0.06991416213765,0.04025627652859084,0.11017043866624085,0.012137525555911938,-157.57957371974587
1551766,1551766,0.9596614004488364,0.8902022349357678,0.06945916551306863,0.004824575673771863,7.237882599069044
1551220,1551220,0.9550325121143968,0.9547217322488178,0.0003107798655789251,9.658412484925477e-08,0.032541286462685254
1551359,1551359,0.9080055159531186,0.9080712426173077,6.572666418902529e-05,4.319994385416899e-09,0.0072385754309028695
1551510,1551510,0.298990098961348,0.299162336537159,0.0001722375758110295,2.9665782521260134e-08,0.05760644797582262
1551948,1551948,0.63069866623935,0.7855812238977371,0.1548825576583871,0.023988606666803605,24.557299063576775
1551402,1551402,0.9378877397222752,0.9380275699092006,0.000139830186925316,1.9552481175568817e-08,0.014909053717529366
1551542,1551542,0.0362672506725609,0.12594653058503819,0.08967927991247729,0.008042373245620453,247.27344435934015
1551601,1551601,0.9761768415694214,0.9532686239098954,0.022908217659525998,0.0005247864363362187,2.34672824472008
1551679,1551679,1.033120310014644,0.9771589456230632,0.05596136439158084,0.0031316743045672916,5.4167325769433
1551143,1551143,0.9212094599693944,0.921144720295366,6.473967402842451e-05,4.191225393306663e-09,0.007027682285261744
1551083,1551083,0.9861713963122948,0.9655096023719363,0.020661793940358497,0.00042690972883383514,2.095152426608756
1551279,1551279,-0.0029063652651,0.031636745191191105,0.034543110456291104,0.0011932264799955278,-1188.5330061946834
1551451,1551451,0.9362266521985698,0.9362463300857967,1.9677887226898783e-05,3.8721924571454625e-10,0.002101829421400106
1551629,1551629,0.834104806491492,0.826064426025583,0.008040380465908936,6.464771803657e-05,0.9639532590309979
1551688,1551688,0.9787535627140684,0.9765532854686868,0.002200277245381632,4.841219956544183e-06,0.2248040088130354
1551889,1551889,0.839799487021736,0.8399861186229688,0.00018663160123277844,3.4831354578710826e-08,0.022223352611782196
1551116,1551116,1.0209154210497893,0.9766242839237057,0.04429113712608357,0.001961704827921538,4.338374777465872
1551533,1551533,0.3618468120846709,0.3616426280980154,0.00020418398665550397,4.169110040653502e-08,0.05642829502328893
1551951,1551951,1.0512808217442826,1.016397246582407,0.03488357516187568,0.0012168638160742298,3.318197615742379
1551773,1551773,0.867228453363355,0.862005678608329,0.005222774755025972,2.72773761417366e-05,0.6022374767306801
1551175,1551175,0.85895638431702,0.8365171134601227,0.022439270856897342,0.0005035208765892024,2.612387691225955
1551731,1551731,0.804206565807683,0.8042873981308772,8.083232319422429e-05,6.5338644729755294e-09,0.010051189163451126
1551652,1551652,1.001189255912914,0.9220068731100881,0.07918238280282597,0.00626984974633327,7.908832654284241
1551811,1551811,0.844603226674461,0.8443364955289694,0.0002667311454915833,7.114550397525217e-08,0.031580644859931443
1551832,1551832,0.9245776836464298,0.897348313218662,0.02722937042776774,0.0007414386138925923,2.945060313415546
1551417,1551417,1.0087879471724197,0.9690377756913762,0.03975017148104354,0.001580076132772367,3.9403892158368077
1551654,1551654,0.9415662911206938,0.9421012821139465,0.0005349909932527153,2.8621536286152683e-07,0.05681925938703109
1551754,1551754,0.9026825613170906,0.9024362268211356,0.000246334495955014,6.06806838974108e-08,0.027289160831421296
1551794,1551794,0.9987126404848424,0.9863735595637398,0.012339080921102585,0.00015225291797751783,1.2354986230185656
1551619,1551619,0.9655936652130858,0.8165304562181703,0.14906320899491543,0.022219840275861838,15.437467577215347
1551838,1551838,0.847300742050442,0.8469652948782078,0.0003354471722342156,1.1252480535993151e-07,0.03959009541552432
1551400,1551400,1.0450976253171511,0.9538667531768567,0.09123087214029446,0.008323072031478756,8.729411485612077
1551560,1551560,0.572543051040689,0.615701426169397,0.043158375128708015,0.0018626453437502826,7.538013962489062
1551897,1551897,0.887854902577964,0.8539779227830009,0.03387697979496307,0.001147649760028336,3.815598663317431
1551680,1551680,0.9793368453559804,0.979302706424351,3.4138931629401625e-05,1.1654666527969587e-09,0.0034859233359072097
1551409,1551409,0.903339922189268,0.8875941109684408,0.01574581122082719,0.0002479305710019274,1.7430660191201117
1551549,1551549,-0.2402212014396301,0.15825752087238057,0.39847872231201065,0.15878529213541248,-165.8799139809282
1551706,1551706,0.9687550037425322,0.9690667319774837,0.0003117282349515138,9.71744924659862e-08,0.032178232241096366
1551721,1551721,0.9476033332016252,0.9314322880921893,0.0161710451094359,0.0002615026999314107,1.7065204967989622
1551881,1551881,0.627156925986917,0.7891235852965036,0.16196665930958665,0.026233198727907713,25.82553944608202
1551090,1551090,0.9688958191171816,0.9687884557412966,0.00010736337588501677,1.1526894481427399e-08,0.0110810031137137
1551404,1551404,0.9682311171591218,0.9357237452983974,0.03250737186072439,0.0010567292252914157,3.3573979687932334
1551364,1551364,1.0083755116201294,0.915880648559538,0.0924948630605914,0.008555299692597556,9.172660580777336
1551922,1551922,0.9813015868866306,0.9806784968947893,0.0006230899918413524,3.882411379328566e-07,0.063496278836991
1551306,1551306,0.182584635716158,0.18208519881837068,0.0004994368977873087,2.4943721487141066e-07,0.27353719869601856
1551226,1551226,1.0293209643848913,1.014033896142945,0.015287068241946367,0.00023369445543392517,1.4851604864651444
1551823,1551823,0.9214757411754844,0.9210368003028827,0.0004389408726016564,1.9266908964030354e-07,0.047634555418867526
1551268,1551268,0.365649828257365,0.3665697085657155,0.0009198803083505513,8.461797816911054e-07,0.25157411196788193
1551704,1551704,1.0426363594322876,1.0427179864437228,8.162701143521467e-05,6.662968995844666e-09,0.007828905130419615
1551645,1551645,0.9594745364445624,0.9588956964219433,0.0005788400226190982,3.3505577178567806e-07,0.06032885716426129
1551072,1551072,0.9686001735675628,0.9614351258102005,0.007165047757362264,5.133790936528201e-05,0.7397322396682887
1551207,1551207,0.893451479505965,0.8932516495224512,0.00019982998351386616,3.9932022311152025e-08,0.022366070021436684
1551864,1551864,0.9134152288768452,0.9132068165640748,0.00020841231277046735,4.343569211433511e-08,0.022816820453796852
1551094,1551094,0.9632812231601976,0.963581897216133,0.0003006740559353682,9.040488791262494e-08,0.031213528168747968
1551229,1551229,1.0567832992987023,0.9973074608515984,0.05947583844710391,0.003537375358986004,5.628007036690776
1551388,1551388,1.0002662812060903,0.9999940285233272,0.00027225268276309667,7.412152327170335e-08,0.0272180206289492
1551946,1551946,0.9920562777040318,0.9920999926292975,4.371492526566989e-05,1.9109946909831036e-09,0.004406496511149716
1551399,1551399,0.9666521163230082,0.9666766140212253,2.4497698217107455e-05,6.001372179364698e-10,0.00253428278937544
1551311,1551311,-0.07105570766604,-0.07107840644526067,2.2698779220675647e-05,5.152345781089765e-10,-0.031945047014884896
1551410,1551410,0.802148392274896,0.8007004614754012,0.0014479307994947899,2.0965036001256214e-06,0.18050660120236015
1551470,1551470,0.779863525022357,0.7774364928877038,0.0024270321346532286,5.890484982639408e-06,0.31121241817068585
1551087,1551087,0.9883557030479668,0.988359125600717,3.4225527502096398e-06,1.1713867327967568e-11,0.0003462875500849451
1551739,1551739,0.836525362718282,0.8363934727662281,0.00013188995205393184,1.7394959452788438e-08,0.015766402064051777
1551735,1551735,0.840646381383963,0.8403741532635319,0.0002722281204310395,7.410814955341655e-08,0.03238319065655979
1551339,1551339,0.998818752544412,0.9968027503871957,0.0020160021572163123,4.064264697900825e-06,0.20183863709814276
1551795,1551795,0.901908410442242,0.90343847131847,0.0015300608762279788,2.34108628496353e-06,0.16964703494423877
1551314,1551314,0.2173801147919729,0.21713359629443862,0.0002465184975342649,6.077136962655138e-08,0.11340434600937474
1551453,1551453,0.653167728010387,0.7888001654622345,0.1356324374518475,0.018396158089129325,20.765330501707
1551670,1551670,0.787777215603353,0.7916245234248879,0.003847307821534862,1.4801777473643328e-05,0.4883751072425008
1551631,1551631,0.9213823091733476,0.8945690910237293,0.026813218149618345,0.0007189486675390226,2.9101077677164024
1551770,1551770,0.9789390919754548,0.9744506764610502,0.004488415514404598,2.0145873829947892e-05,0.4584979342634257
1551790,1551790,1.0653149758366889,0.8306317264663226,0.23468324937036633,0.05507622753503355,22.029470597280227
1551353,1551353,1.0599566505141376,1.0367880260913647,0.0231686244227729,0.0005367851576435088,2.1858086754335506
1551317,1551317,-0.07092419544932,0.05447661232870031,0.12540080777802032,0.01572536259138,-176.8096303152673
1551337,1551337,0.9142788075251675,0.9131182574038079,0.001160550121359627,1.346876584187845e-06,0.12693612843341337
1551157,1551157,0.9139671450608968,0.9138676401114149,9.950494948196553e-05,9.901234971408513e-09,0.010887147313740212
1551594,1551594,0.86972642467763,0.8594537490195805,0.010272675658049457,0.00010552786517548184,1.1811387312805972
1551791,1551791,0.808517117963414,0.7824377244847658,0.026079393478648183,0.0006801347642141573,3.2255833425444305
1551475,1551475,0.257435615376661,0.38609126247547465,0.12865564709881366,0.01655227553041448,49.97585392781574
1551595,1551595,0.9233844235048528,0.9229945751989623,0.00038984830589050556,1.5198170160569718e-07,0.04221950208026838
1551752,1551752,0.779076694090076,0.785798469388177,0.006721775298101029,4.518226315816118e-05,0.8627873672888827
1551375,1551375,0.9333562876186356,0.8768554639695157,0.0565008236491199,0.003192343073028947,6.053510797390786
1551355,1551355,1.0198663131400807,0.8921840964684039,0.12768221667167678,0.016302748454193015,12.519505255404919
1551377,1551377,0.968059602698056,0.968171801137015,0.00011219843895893256,1.2588489704821315e-08,0.0115900341927529
1551085,1551085,0.932451999312239,0.9324486769433908,3.3223688481465175e-06,1.1038134763134417e-11,0.0003563045444266344
1551500,1551500,0.425273126735307,0.425778412185997,0.0005052854506900073,2.553133866790038e-07,0.11881433810994142
1551380,1551380,1.035855865562924,1.0359335091025563,7.764353963235493e-05,6.0285192466410705e-09,0.007495592988717638
1551340,1551340,0.986052604195292,0.9861088762567284,5.627206143643537e-05,3.166544898305957e-09,0.005706801158175376
1551263,1551263,0.2830255729676489,0.3046807163448777,0.02165514337722879,0.000468945234688336,7.651302725108897
1551223,1551223,1.0440445131787794,1.008436724926928,0.03560778825185151,0.0012679145841886946,3.4105622703228677
1551075,1551075,1.0091670141525175,0.9193854255918532,0.08978158856066432,0.00806073364447641,8.896603565274225
1551622,1551622,0.717707885600783,0.7601351246111645,0.04242723901038148,0.0018000706100440359,5.911491271252543
1551661,1551661,0.750345018690091,0.7916817938358763,0.041336775145785376,0.0017087289794532196,5.509035725718381
1551761,1551761,0.9173046696515158,0.9171739356442242,0.00013073400729157747,1.709138066251423e-08,0.014251972285417814
1551383,1551383,0.9908109625898358,0.9761513889660538,0.014659573623782007,0.00021490309883108515,1.4795530305260263
1551324,1551324,0.888672432596662,0.8891251962631831,0.00045276366652113875,2.0499493772166495e-07,0.05094831907840138
1551305,1551305,-0.10087653326237,0.10235331278491923,0.20322984604728922,0.041302370324404876,-201.4639475354573
1551722,1551722,0.919504325930396,0.8976706976767408,0.021833628253655202,0.0004767073227188107,2.3744997862367807
1551902,1551902,0.724928177251634,0.7884976743260611,0.06356949707442705,0.004041080958295589,8.769075208999784
1551882,1551882,0.9473030160518996,0.9290347407188767,0.018268275333022888,0.0003337298836431325,1.9284510894053808
1551843,1551843,0.862618918800787,0.8632388082702456,0.0006198894694585677,3.8426295434562454e-07,0.07186133481982267
1551093,1551093,0.9937287105422824,0.9935074964863203,0.00022121405596209343,4.8935658555200205e-08,0.022261010838800853
1551168,1551168,0.9182436612729916,0.9185518910331004,0.00030822976010880243,9.50055850167299e-08,0.03356731694520965
1551845,1551845,1.0477964754360198,0.9340835926946834,0.1137128827413364,0.01293061970134492,10.852573510902202
1551148,1551148,0.9391824403233152,0.9313971837530111,0.007785256570304155,6.061021986546402e-05,0.8289397497278661
1551468,1551468,0.337381842536556,0.4225359268760856,0.08515408433952959,0.007251218079703719,25.239676118700128
1551300,1551300,0.1113890496649729,0.21190723996555874,0.10051819030058584,0.01010390658130479,90.24063909595822
1551291,1551291,0.1176047470814189,0.11757083954781211,3.3907533606783447e-05,1.149720835295149e-09,0.028831772907354614
1551430,1551430,1.0219124739868788,0.8620712169268371,0.1598412570600417,0.025549227458534333,15.641384279853115
1551390,1551390,0.9696165802765232,0.8709124813798547,0.09870409889666854,0.009742499139003323,10.179704112373914
1551152,1551152,0.685830888586004,0.7854917221329081,0.09966083354690403,0.00993228174326371,14.531400554497836
1551888,1551888,0.620732808468561,0.633336432429572,0.012603623961011001,0.00015885133695057064,2.0304426943544343
1551899,1551899,0.841088181279782,0.8411373459832562,4.9164703474158244e-05,2.417168067701908e-09,0.005845368484354431
1551636,1551636,1.0000193537718711,0.9743683198001162,0.025651033971754944,0.0006579755438201262,2.5650537537103077
1551378,1551378,0.9940904258648408,0.9941562595760909,6.583371125012949e-05,4.334077536965426e-09,0.006622507322998846
1551491,1551491,0.883127243269837,0.8831534578911558,2.6214621318798592e-05,6.872063708880096e-10,0.0029683855320482722
1551332,1551332,0.9846804885067671,0.9852335588004983,0.0005530702937311949,3.058867498079102e-07,0.05616748784876465
1551153,1551153,0.945788750245838,0.9459921731577096,0.0002034229118715869,4.138088107431541e-08,0.021508282036417897
1551949,1551949,1.0047616952517628,1.0043120431263692,0.000449652125393607,2.0218703387098807e-07,0.04475211659824849
1551174,1551174,0.929122483178946,0.92886685180533,0.0002556313736159499,6.534739917677737e-08,0.027513205012682503
1551177,1551177,0.9052606172046253,0.8759896897771138,0.029270927427511473,0.0008567871924666434,3.233425476731533
1551673,1551673,0.849479042443119,0.8505901585872147,0.0011111161440956474,1.2345790856699794e-06,0.13079971236253865
1551376,1551376,0.9653367272072092,0.915923157995856,0.0494135692113532,0.002441700822205193,5.118790968858123
1551514,1551514,0.1046596764482069,0.274681661578949,0.17002198513074213,0.028907475427798295,162.45223652576567
1551534,1551534,0.0504492275397769,0.20540499596423886,0.15495576842446196,0.02401129016801548,307.151914867847
1551136,1551136,0.759622816502285,0.7853719280798535,0.02574911157756843,0.0006630167470340685,3.389723296639678
1551101,1551101,0.906317066200216,0.8592930033750283,0.047024062825187674,0.0022112624845871975,5.188478136281669
1551555,1551555,0.209164505369786,0.20715950435908279,0.0020050010107032223,4.020029052920943e-06,0.9585761251214884
1551772,1551772,0.9021032829038418,0.8660340588397634,0.03606922406407842,0.0013009889245846938,3.998347500518204
1551457,1551457,0.5748123141611621,0.5700536209697545,0.004758693191407537,2.264516088994845e-05,0.8278690407584632
1551497,1551497,0.327222447047056,0.3268886138461352,0.0003338332009207856,1.1144460603701762e-07,0.10202026295365334
1551318,1551318,0.978570035567014,0.9710403881164207,0.007529647450593369,5.669559073022722e-05,0.7694541194724459
1551357,1551357,0.9455504986403888,0.9455430905414116,7.408098977146338e-06,5.487993045519662e-11,0.0007834694167893175
1551361,1551361,0.9112442695700498,0.911219223297107,2.5046272942752523e-05,6.273157883228571e-10,0.0027485794730506287
1551837,1551837,0.9943480312421612,0.85503624298043,0.13931178826173118,0.019407774348681423,14.010364971276692
1551900,1551900,0.9514273715748,0.8908918841033813,0.06053548747141868,0.003664545243402288,6.3625967971912045
1551389,1551389,0.9214557200321694,0.8783188723377027,0.043136847694466685,0.0018607876290156157,4.681380424114217
1551947,1551947,0.866720583694597,0.8666445182399135,7.60654546835271e-05,5.785953396211715e-09,0.008776237245835388
1551702,1551702,1.0560378453959387,1.0519104077402694,0.004127437655669253,1.7035741601436495e-05,0.39084183144229634
1551146,1551146,0.802202449361847,0.8027910133941976,0.0005885640323505248,3.464076201767096e-07,0.07336851599228202
1551126,1551126,1.0286929678562426,0.9762282727124217,0.052464695143820905,0.002752544236534065,5.100131602255953
1551405,1551405,0.936845305527005,0.9224830749904013,0.014362230536603682,0.0002062736659865513,1.533041842860543
1551485,1551485,0.376949895018668,0.7124551762518877,0.3355052812332197,0.11256379373538185,89.00527249559367
1551445,1551445,0.555305046857864,0.7450715337157399,0.1897664868578759,0.03601131953438039,34.17337694509529
1551783,1551783,0.9082631213304388,0.7822696811947975,0.1259934401356414,0.015874346957213452,13.871909711701619
1551507,1551507,0.365904230251754,0.3659993212458458,9.509099409177324e-05,9.042297157361653e-09,0.025987946088064505
1551905,1551905,0.9946069713623692,0.9436564898737818,0.050950481488587385,0.002595951563918886,5.122674881194291
1551110,1551110,0.9072694052505688,0.9084060898949524,0.0011366846443836565,1.2920519807775995e-06,0.12528634138938347
1551685,1551685,1.0279041348096296,0.9898368018478529,0.03806733296177667,0.0014491218388227685,3.7033933100022827
1551665,1551665,1.0389885071202851,0.9518881772680446,0.08710032985224048,0.007586467460369094,8.383185112764366
1551786,1551786,0.9636923239695998,0.8471801145494715,0.1165122094201283,0.013575094943959833,12.090187554903025
1551348,1551348,1.0036244943114678,0.9783957295102015,0.025228764801266346,0.0006364905733976157,2.513765351908278
1551590,1551590,0.6941543452335139,0.7885403972968928,0.09438605206337891,0.008908726824110874,13.597271660329
1551747,1551747,0.656446523913948,0.6564505375885217,4.0136745736996104e-06,1.610958358356275e-11,0.0006114244538563135
1551667,1551667,0.3756129498052329,0.7891995749759781,0.41358662517074524,0.1710538965201265,110.1097886495135
1551808,1551808,0.311832461129354,0.7910569262493028,0.4792244651199488,0.22965608796950104,153.68010866615887
1551928,1551928,1.0291300961519545,0.8336268043411826,0.19550329181077186,0.03822153710884782,18.996946308516584
1551067,1551067,1.0351437802323518,1.034691780492014,0.0004519997403378273,2.043037652654633e-07,0.0436654065811389
1551202,1551202,0.9654161444090258,0.9655828150319323,0.00016667062290653956,2.7779096540053908e-08,0.01726412219971379
1551239,1551239,0.51646576399242,0.5147723063861669,0.001693457606253057,2.867798664176334e-06,0.32789348768487037
1551498,1551498,0.3470091427738869,0.3568405569994614,0.009831414225574486,9.665670567482838e-05,2.833185934809992
1551538,1551538,0.0245723002279409,0.11181986585752052,0.08724756562957961,0.007612137708287801,355.06470627593643
1551312,1551312,0.0613598830636029,0.06138248774885901,2.2604685256111257e-05,5.109717955278536e-10,0.0368395181468652
1551371,1551371,0.936962095529676,0.9370200445340598,5.794900438382822e-05,3.358087109076942e-09,0.006184775740695139
1551849,1551849,0.9700336874289202,0.9378855496315404,0.032148137797379794,0.0010335027638393194,3.3141259127390326
1551553,1551553,0.0811278923900059,0.10874454427142875,0.027616651881422857,0.0007626794611396967,34.04088417416467
1551690,1551690,1.019189598496032,0.9849381225937363,0.034251475902295714,0.001173163601485544,3.360657914174059
1551891,1551891,1.0293002758701324,0.8448052334904359,0.1844950423796965,0.034038420662686,17.924316810634412
1551297,1551297,-0.0570919345661,0.03650568130215178,0.09359761586825177,0.008760513696220816,-163.94192381042222
1551733,1551733,0.9236607152826004,0.9072885721060627,0.01637214317653768,0.00026804707219304927,1.7725278238696671
1551713,1551713,1.023016306354982,1.0096615490781398,0.01335475727684221,0.00017834954192336999,1.305429560983769
1551235,1551235,0.894836275251922,0.8166679069889693,0.0781683682629527,0.006110293796892591,8.73549390260761
1551612,1551612,0.785506817951426,0.7885983189035227,0.0030915009520967596,9.557378136815171e-06,0.39356767903801076
1551771,1551771,0.792663709315113,0.7932260677648783,0.0005623584497652656,3.1624702602239275e-07,0.07094540132929278
1551336,1551336,1.0796234195925116,0.9445965889063295,0.13502683068618215,0.018232245005154902,12.50684527917578
1551137,1551137,1.0005412382409502,0.9231308262524297,0.0774104119885205,0.005992371884232479,7.736853717755363
1551161,1551161,0.63360840573447,0.7877327087002228,0.15412430296575286,0.023754300764679177,24.32485137047608
1551301,1551301,0.298886522913265,0.29843098160718246,0.00045554130608255194,2.0751788154739728e-07,0.15241279588064505
1551638,1551638,1.081446678377069,1.0098269290102369,0.07161974936683224,0.005129388499367867,6.622587206454993
1551321,1551321,1.008745235400014,0.9990118731689693,0.009733362231044596,9.473834032072543e-05,0.9648979632785942
1551817,1551817,0.9676625166889744,0.9672601753026836,0.0004023413862908054,1.618785911224071e-07,0.041578688783718364
1551283,1551283,0.2958028664198809,0.29624737111225696,0.0004445046923760576,1.975844215443336e-07,0.15027058316098266
1551503,1551503,0.352560338443706,0.38822922468632315,0.03566888624261716,0.0012722694457887637,10.117101203178157
1551800,1551800,1.0334179576785945,1.0110192415491202,0.022398716129474305,0.0005017024842487724,2.167440188458635
1551920,1551920,1.0664475051768771,1.0665102901676269,6.278499074974242e-05,3.941955063445241e-09,0.005887302510903162
1551170,1551170,0.849739317306215,0.8298267369903126,0.019912580315902373,0.00039651085483726265,2.3433751869959205
1551525,1551525,-0.0105005918096499,0.24181514888061714,0.252315740690267,0.06366323300007806,-2402.8716215631994
1551883,1551883,1.126748519356034,0.9131524052350104,0.21359611412102364,0.04562329996760135,18.956857759449232
1551073,1551073,1.0614755879203062,1.0614339613346553,4.1626585650877956e-05,1.7327726329498786e-09,0.003921577295285213
1551288,1551288,0.256070507088297,0.2544650413195425,0.001605465768754477,2.5775203346424044e-06,0.6269623889958121
1551467,1551467,0.7393821079822129,0.7439877302502422,0.004605622268029297,2.1211756475767326e-05,0.6229015036079414
1551527,1551527,0.394247428734283,0.39906838229391933,0.004820953559636354,2.3241593224170433e-05,1.2228243504628171
1551448,1551448,0.922359340967122,0.7822459332867833,0.14011340768033875,0.01963176701179681,15.19076150228235
1551736,1551736,0.889009455175799,0.8279512449300953,0.06105821024570368,0.003728105038408554,6.868117081345282
1551076,1551076,0.9118235479832988,0.8599438722506944,0.051879675732604436,0.0026915007541201855,5.689661760474152
1551271,1551271,0.351378223405242,0.3527063882770452,0.0013281648718032057,1.764021926692026e-06,0.3779872466004937
1551562,1551562,0.601183096341436,0.7506691334828967,0.1494860371414607,0.022346075300258166,24.86530942921948
1551755,1551755,0.946399395116947,0.9462337983888254,0.00016559672812166415,2.7422276364600353e-08,0.017497552193722746
1551710,1551710,1.0681933488739497,1.0539087690164866,0.01428457985746312,0.00020404922170424108,1.3372653810774426
1551217,1551217,0.9441536902084422,0.9021812815297334,0.04197240867870877,0.0017616830902925475,4.445505971537585
1551237,1551237,1.0121187980486002,0.92848828089978,0.0836305171488202,0.006994063398579108,8.262915115306889
1551100,1551100,0.852098475360172,0.8225302509609732,0.029568224399198817,0.0008742798941213763,3.4700478001325696
1551215,1551215,0.788796959169533,0.7874646317354129,0.0013323274341200397,1.7750963917088887e-06,0.16890625890885158
1551751,1551751,0.691557602945552,0.6956973083807755,0.004139705435223462,1.7137161090418672e-05,0.598606018875537
1551633,1551633,0.852614353486256,0.8143934241568186,0.038220929329437436,0.0014608394388058508,4.482792152531308
1551398,1551398,0.9024703371979512,0.9026817312366062,0.0002113940386549995,4.468743957887143e-08,0.023423932060897372
1551855,1551855,1.0070634593615495,0.9604623086529764,0.04660115070857307,0.0021716672473631403,4.627429411262416
1551292,1551292,0.118612010801599,0.11817982551973184,0.0004321852818671562,1.8678411786259327e-07,0.36436890239561637
1551099,1551099,1.0081719633297597,1.0019462824061025,0.006225680923657162,3.8759102963188695e-05,0.6175217274536352
1551693,1551693,0.980518760183012,0.9805896934325191,7.093324950713242e-05,5.031525885641102e-09,0.007234257251120097
1551793,1551793,0.7499779643959821,0.788411208794792,0.03843324439880991,0.001477114275018653,5.124583150888081
1551435,1551435,0.767864186462204,0.7900793427429295,0.022215156280725457,0.0004935131685770557,2.893110093215545
1551575,1551575,0.738308307329083,0.7858703937544435,0.04756208642536042,0.0022621520651334537,6.442035929058126
1551224,1551224,0.754922519423355,0.7902809213849235,0.035358401961568475,0.0012502165892758494,4.683712705851836
1551246,1551246,0.2410753381167679,0.24926978172581343,0.008194443609045532,6.714890606182716e-05,3.3991214833748153
1551127,1551127,0.647515759252548,0.7855539229090522,0.13803816365650423,0.019054534625659845,21.31811646033865
1551147,1551147,0.9541956283238276,0.9480202597343662,0.0061753685894614385,3.813517721570696e-05,0.6471805577551534
1551805,1551805,1.014470615016675,1.0109428894924977,0.0035277255241772387,1.2444847373931573e-05,0.3477405330384314
1551724,1551724,0.909962249026443,0.9099911462011662,2.8897174723208074e-05,8.350467069836156e-10,0.003175645446184696
1551128,1551128,0.9295776305036416,0.8715338633186017,0.058043767185039896,0.0033690789090311144,6.244101114351472
1551530,1551530,0.41245846048222,0.4134559221809231,0.0009974616987030727,9.949298403796192e-07,0.24183324971365708
1551570,1551570,0.464138570561349,0.5340973138032111,0.06995874324186213,0.00489422575598079,15.072813956670537
1551242,1551242,0.367426971675153,0.40088545293684563,0.03345848126169265,0.0011194699683390384,9.106158186795751
1551620,1551620,0.9906734840724056,0.8345296826258356,0.15614380144657003,0.024380886730185885,15.761378895971129
1551671,1551671,0.783684893909757,0.7853328651269564,0.0016479712171993954,2.715809132717657e-06,0.21028492829276899
1551711,1551711,0.9660081028797074,0.9461131050976267,0.019894997782080703,0.0003958109367489961,2.059506304633776
1551296,1551296,0.0808347828518739,0.12053258402104045,0.03969780116916655,0.0015759154176666808,49.109801212568335
1551774,1551774,0.9865311095205218,0.870028290975154,0.11650281854536781,0.013572906729014898,11.809340569299536
1551834,1551834,0.9150289330280384,0.9149381592615483,9.077376649013758e-05,8.239876682806024e-09,0.009920316529199419
1551874,1551874,0.733800880597421,0.7896208066258091,0.055819926028388145,0.0031158641418147243,7.606958168671395
1551201,1551201,0.957664625088882,0.9401100369347879,0.017554588154094053,0.00030816356525985923,1.833062190478717
1551065,1551065,1.0534671305942862,1.0227912623381856,0.03067586825610058,0.0009410088932656392,2.9118960967292433
1551241,1551241,0.3689038646803599,0.36862900921013425,0.0002748554702256545,7.554552951296563e-08,0.07450598829150394
1551677,1551677,0.9745884975330942,0.9745791956986957,9.301834398511843e-06,8.652412317733819e-11,0.0009544371211087457
1551857,1551857,1.0162077828849772,1.0074844714364561,0.00872331144852101,7.609616262789772e-05,0.8584180908116886
1551107,1551107,0.904399040670634,0.9037810574599254,0.0006179832107086058,3.8190324871771714e-07,0.06833081227622224
1551660,1551660,1.0630005316694693,1.030098939386808,0.03290159228266121,0.0010825147747344716,3.0951623543394113
1551641,1551641,1.065731415617642,1.0002436454771566,0.06548777014048546,0.004288648037973059,6.144866256244513
1551780,1551780,0.554184263255088,0.7861952287519475,0.2320109654968595,0.053829088110784934,41.86531103104711
1551760,1551760,0.969286231411825,0.9692630141555221,2.3217256302943134e-05,5.390409902365527e-10,0.0023952941402175672
1551827,1551827,0.89172432220932,0.8879471572914996,0.0037771649178203193,1.4266974816412579e-05,0.4235798916488096
1551927,1551927,0.947726129547291,0.9317374205218887,0.01598870902540228,0.0002556388162989804,1.6870600616487967
1551781,1551781,0.830637811840769,0.7824004574873133,0.048237354353455664,0.002326842355020848,5.807266857567836
1551901,1551901,0.893069075668647,0.8098810100387545,0.08318806562989256,0.0069202542632433115,9.314852332963056
1551782,1551782,0.844814116050713,0.8447638192315378,5.0296819175232876e-05,2.5297700191460735e-09,0.005953595970952458
1551763,1551763,0.831608837291549,0.8325487407440544,0.0009399034525053862,8.834185000315447e-07,0.1130223021158048
1551923,1551923,0.901228358940974,0.901149434001275,7.892493969896552e-05,6.229146106485344e-09,0.00875748514968055
1551111,1551111,0.9543905007854274,0.9545939826826554,0.00020348189722796395,4.1404882499491684e-08,0.021320612166666163
1551406,1551406,0.918529296250953,0.9135885605522905,0.004940735698662491,2.441086924403793e-05,0.5378963652905223
1551764,1551764,0.882520602627391,0.8825323686401243,1.1766012733338549e-05,1.3843905564108487e-10,0.0013332281080248364
1551130,1551130,0.9838129056297816,0.9683148442002263,0.015498061429555343,0.000240189908074271,1.5753057660525764
1551906,1551906,0.968262483616982,0.908001474099097,0.060261009517884934,0.0036313892681146187,6.22362329817609
1551886,1551886,0.9890717926072016,0.9247482225520259,0.06432357005517564,0.004137521664643088,6.503427813426785
1551064,1551064,1.0957718064189874,1.037421626992682,0.05835017942630549,0.003404743439082045,5.325030182789197
1551280,1551280,0.240550784161914,0.23805153982602875,0.002499244335885248,6.246222250454494e-06,1.0389674448963817
1551459,1551459,0.535134679287972,0.5375382451186677,0.0024035658306956753,5.777128702487791e-06,0.4491515731878488
1551519,1551519,0.4163264118963989,0.4235802934150472,0.0072538815186483085,5.261879708658749e-05,1.7423543910188928
1551120,1551120,1.0465504929503795,1.0247253496695203,0.02182514328085916,0.00047633687923003177,2.085436242959561
1551113,1551113,1.0040382646066457,0.9892410818392071,0.014797182767438577,0.00021895661785298118,1.4737668163708584
1551719,1551719,0.9617756331829056,0.9616218039855973,0.00015382919730833056,2.366342194452529e-08,0.015994291391979578
1551471,1551471,0.6074994333716119,0.6071610596981145,0.0003383736734974274,1.1449674291614361e-07,0.05569942207508887
1551649,1551649,1.0137585296861027,0.9889260225489711,0.024832507137131588,0.0006166534107156913,2.449548527578915
1551708,1551708,1.0326811796046007,1.0216796313721779,0.01100154823242283,0.00012103406351032591,1.0653383105747285
1551768,1551768,1.0116910129531018,0.9280837234227266,0.08360728953037522,0.00699017886261599,8.264113099742532
1551257,1551257,0.247397748227083,0.3121703744708821,0.06477262624379909,0.004195493110518891,26.18157469418242
1551632,1551632,0.8246101129600509,0.8110916101634454,0.013518502796605492,0.0001827499178618305,1.6393811553048963
1551952,1551952,0.841241676711864,0.8193862455703669,0.021855431141497128,0.0004776598703807225,2.5979967168201643
1551932,1551932,0.9353704146361296,0.8621521029713488,0.07321831166478077,0.005360921163040972,7.827734394749227
1551933,1551933,0.958966666775804,0.9590123095764448,4.5642800640788295e-05,2.0832652503347444e-09,0.004759581560248234
1551953,1551953,0.816097790193936,0.8141218375281063,0.0019759526658297277,3.904388937599607e-06,0.24212204585925493
1551941,1551941,0.8559979267065,0.8571256959833431,0.0011277692768431047,1.2718635417912192e-06,0.13174906640045966
1551703,1551703,1.0060290336236055,0.9963391681349704,0.009689865488635152,9.389349318784255e-05,0.9631795072288646
1551605,1551605,1.015745961845843,0.9660883104904988,0.04965765135534428,0.0024658823381289254,4.888786489990563
1551084,1551084,0.9862561524856618,0.9748684780192731,0.011387674466388664,0.00012967912975244035,1.154636595948051
1551219,1551219,0.9660441409376744,0.9660553445138464,1.1203576172014174e-05,1.2552011904212375e-10,0.0011597375003112808
1551835,1551835,0.9462625839709607,0.9328805337091771,0.013382050261783629,0.00017907926920890328,1.4142005071812396
1551393,1551393,1.039272139983915,1.0203491627787726,0.018922977205142466,0.00035807906630634136,1.8207913478211144
1551853,1551853,0.8024587199962789,0.8009611432579508,0.0014975767383281768,2.2427360871816605e-06,0.18662352355459746
1551851,1551851,0.7997044780475719,0.7995834076337247,0.00012107041384723516,1.4658045109140792e-08,0.015139394260092295
1551734,1551734,0.764686831018105,0.7858238562728368,0.021137025254731823,0.0004467738366191709,2.7641413971507736
1551066,1551066,1.0397793422812298,0.914811519631789,0.12496782264944084,0.0156169566977421,12.018686808613351
1551181,1551181,0.9548302985669148,0.7771058239199706,0.17772447464694419,0.031585988888532306,18.61320015857134
1551142,1551142,0.751582325346961,0.788546492496724,0.03696416714976303,0.00136634965307562,4.9181794067201965
1551777,1551777,0.5193966591623109,0.7890338916867208,0.26963723252440985,0.07270423716342267,51.91354772271427
1551429,1551429,0.876964735357464,0.8770151474026066,5.041204514255604e-05,2.541374295455108e-09,0.005748468907590375
1551647,1551647,0.836898423355386,0.837780675789303,0.0008822524339170412,7.783693571525432e-07,0.10541929692970586
1551662,1551662,0.9312981140858482,0.9306850285258776,0.0006130855599705276,3.758739038443754e-07,0.06583128975541044
1551486,1551486,0.734034460602763,0.7337428388173702,0.0002916217853927705,8.50432657156671e-08,0.0397286232520066
1551506,1551506,0.074526587753312,0.18142190829557242,0.10689532054226042,0.011426609553832602,143.4324631849389
1551513,1551513,0.335340353289865,0.3350885476705766,0.0002518056192883922,6.340606990521071e-08,0.07508956700798063
1551278,1551278,0.102808921960163,0.1026899000445761,0.00011902191558690878,1.4166216389977238e-08,0.11577002590595015
1551443,1551443,0.9255974272126096,0.9255260406433168,7.13865692928417e-05,5.09604227540169e-09,0.007712485708589185
1551524,1551524,0.314765625362153,0.3405782904991667,0.02581266513701369,0.0006662936814756021,8.200598495250228
1551584,1551584,0.9981173451569414,0.9456648268788657,0.05245251827807573,0.002751266673711869,5.25514545284535
1551245,1551245,0.182033320166406,0.3298645599719096,0.1478312398055036,0.021854075462432315,81.21108798672874
1551206,1551206,0.867691609145377,0.8668416474372431,0.000849961708133895,7.224349052938886e-07,0.09795665869940302
1551699,1551699,1.0479900131547322,1.0476689081222967,0.0003211050324354314,1.0310844185535946e-07,0.03064008515394329
1551518,1551518,0.323483298321537,0.3850457592508664,0.06156246092932943,0.003789936595675213,19.031109565396285
1551496,1551496,0.480951058711585,0.7118924942586281,0.2309414355470431,0.053333946652529066,48.01765821364648
1551536,1551536,0.232187151753484,0.23238948989933458,0.00020233814585057797,4.094072526624976e-08,0.0871444196298178
1551255,1551255,0.068586981903181,0.20141021759778469,0.1328232356946037,0.017642011940384245,193.65662697055268
1551354,1551354,0.4482767530328559,0.7858773683465797,0.3376006153137238,0.11397417546020493,75.31075681030906
1551298,1551298,-0.0545058041514701,0.14127521164406354,0.19578101579553364,0.038330206145930995,-359.19296824144396
1551537,1551537,-0.00012490790891,0.03417284728355292,0.03429775519246293,0.0011763360112421177,-27458.433570588004
1551577,1551577,1.0219545183878405,1.002913648818793,0.01904086956904738,0.0003625547139454746,1.8631817000119382
1551421,1551421,0.9445981595900363,0.907769510665115,0.036828648924921326,0.0013563493816351087,3.8988694346922372
1551521,1551521,0.9449812307987976,0.7771244375277212,0.1678567932710764,0.028175903047248874,17.762976427498582
1551322,1551322,0.9589473130039328,0.9300696902257325,0.028877622778200274,0.0008339170973200313,3.0113878402495553
1551798,1551798,0.9084987034501129,0.9037894786065334,0.004709224843579496,2.217679862738633e-05,0.5183524011312017
1551261,1551261,0.338033263802883,0.3381484394584997,0.00011517565561669496,1.3265431646735518e-08,0.03407228457961972
1551281,1551281,0.4431995912995919,0.4415458186605758,0.0016537726390161156,2.7349639415583273e-06,0.3731439900850916
1551420,1551420,0.9468692246134068,0.9477157793189069,0.0008465547055001021,7.166548694043647e-07,0.08940566273507711
1551520,1551520,0.411225024579724,0.4104835774490731,0.0007414471306508852,5.497438475504308e-07,0.18030204543331269
1551599,1551599,0.802149727017784,0.8020218098341145,0.00012791718366944593,1.6362805877922766e-08,0.01594679638488613
1551523,1551523,0.434710092636856,0.434976029420853,0.0002659367839970006,7.072237308266735e-08,0.061175663620756174
1551602,1551602,1.005368335894209,0.8654761689172785,0.1398921669769304,0.01956981838150138,13.914518886503974
1551362,1551362,0.9789190708321396,0.9451683032958753,0.03375076753626427,0.00113911430928695,3.447758710796604
1551310,1551310,0.363160999931871,0.3582432106571029,0.004917789274768103,2.4184651351024184e-05,1.354162279454754
1551190,1551190,0.085767592141836,0.40022469361457,0.31445710147273404,0.09888326866663336,366.6386027868294
1551210,1551210,0.843021556352572,0.8427200693566227,0.0003014869959493405,9.089440872655764e-08,0.03576266747599646
1551603,1551603,0.8311003002513471,0.8307843233948724,0.00031597685647466456,9.984137382761076e-08,0.03801910026733291
1551070,1551070,1.030276640292463,0.9805934193045204,0.049683220987942645,0.0024684224477367444,4.822318496305919
1551265,1551265,0.201871403494413,0.2612598356724129,0.05938843217799991,0.0035269858765608953,29.41894252973951
1551165,1551165,1.0167129830679602,0.8837949882229946,0.13291799484496558,0.017667193353606298,13.073305550193897
1551623,1551623,0.660937266359514,0.7612398793808927,0.10030261302137866,0.01006061417891644,15.175814426965523
1551942,1551942,0.954165596608855,0.9525183501248474,0.0016472464840076029,2.7134209790754098e-06,0.17263737970243181
1551307,1551307,0.0531582217045919,0.05322428243754729,6.606073295539056e-05,4.364020438603424e-09,0.12427190157432244
1551247,1551247,0.0178016167188009,0.21890950410874763,0.20110788738994673,0.04044438237044749,1129.7169833880862
1551804,1551804,0.9692108184386716,0.9546669497564736,0.014543868682198036,0.00021152411624502081,1.500588768254481
1551249,1551249,0.221248733577595,0.2825009723690536,0.06125223879145858,0.0037518367569658634,27.684786168494192
1551408,1551408,0.8922448719355109,0.8929031492019734,0.0006582772664625036,4.3332895954134597e-07,0.07377764638025089
1551588,1551588,1.0164860767770565,0.985525785964766,0.03096029081229046,0.000958539607181597,3.045815532511313
1551568,1551568,0.9588799084881056,0.9007481256694203,0.05813178281868525,0.0033793041736787897,6.062467500267407
1551826,1551826,0.89685974546963,0.8961935740718238,0.0006661713978062256,4.4378433125510044e-07,0.0742782136416874
1551200,1551200,0.9738824185455168,0.9596649195556779,0.014217498989838928,0.00020213727752607094,1.4598783917952451
1551379,1551379,1.0286415802550677,1.012275087808975,0.016366492446092673,0.00026786207498800854,1.5910782492415236
1551916,1551916,1.0617398670120648,1.0618340985482189,9.423153615406576e-05,8.879582405955004e-09,0.008875199950742265
1551096,1551096,0.9416937590664664,0.8692072541514222,0.07248650491504416,0.005254293394798721,7.697460476631229
1551868,1551868,1.0031766880726547,0.9277534759456454,0.07542321212700931,0.0056886609275558445,7.518437482026777
1551482,1551482,0.9122693521077804,0.8545440929986804,0.05772525910909998,0.0033322055392127304,6.327655201364257
1551895,1551895,0.609913115672531,0.7887021186821664,0.1787890030096354,0.03196550759717942,29.31384789331685
1551077,1551077,1.0445830819339543,0.9980791289637387,0.04650395297021559,0.0021626176418560236,4.451915197029382
1551232,1551232,0.9696085718191974,0.9522966930486582,0.01731187877053919,0.00029970114656584554,1.7854502604136766
1551830,1551830,0.9336586068826926,0.9344252956413026,0.000766688758609968,5.878116525788938e-07,0.0821166058940746
1551911,1551911,0.9383168595606612,0.9100276700082037,0.028289189552457517,0.0008002782455348715,3.0148866306956354
1551436,1551436,0.9352823216055434,0.9352787064194347,3.6151861086963777e-06,1.3069570600511258e-11,0.0003865342073920956
1551396,1551396,0.9289823351757408,0.9293981976785882,0.00041586250284741944,1.7294162127451993e-07,0.04476538326950516
1551195,1551195,0.047476154494637,0.34545202841156886,0.29797587391693187,0.08878962143655927,627.6327075955401
1551434,1551434,0.860498679723723,0.8613634179391348,0.0008647382154118866,7.477721811937343e-07,0.10049268357849483
1551414,1551414,0.846527925918481,0.8451322620340284,0.0013956638844526692,1.9478776783655135e-06,0.16486920770373603
1551494,1551494,0.591021698737604,0.6653106921413287,0.07428899340372463,0.005518854540938642,12.569588149200378
1551554,1551554,-0.0264864536684099,-0.010868152604353472,0.015618301064056428,0.00024393132812750614,-58.96712810097413
1551535,1551535,0.1509940745250729,0.2701990081055493,0.1192049335804764,0.01420981618992579,78.94676261662318
1551801,1551801,1.0192156259823415,0.9439275661623743,0.07528805981996722,0.005668291951454963,7.386862789451742
1551862,1551862,0.8983746786471349,0.8971791502676675,0.0011955283794674587,1.429288106112088e-06,0.1330768117004153
1551885,1551885,0.9412466201990968,0.9415686504434629,0.0003220302443661671,1.0370347828653331e-07,0.03421316342129864
1551720,1551720,1.0195559854186973,0.9767831544920258,0.0427728309266715,0.001829515065481626,4.195241020443437
1551407,1551407,0.968699611912694,0.9686684882590626,3.1123653631448533e-05,9.686818153703796e-10,0.003212931361662775
1551427,1551427,0.9442751518112202,0.9446361998225301,0.0003610480113098724,1.3035566647081375e-07,0.03823546670876004
1551822,1551822,1.0219458425590706,0.9749250267094406,0.04702081584963003,0.002210957123164818,4.601106427703103
1551828,1551828,0.9556791950434728,0.9310701345286613,0.024609060514811487,0.0006056058594216538,2.575033614045773
1551839,1551839,1.0386841857418967,0.9516348192776424,0.08704936646425432,0.007577592201828044,8.380734746825661
1551815,1551815,0.9666821480379808,0.9577143067658808,0.008967841272100041,8.042217708158088e-05,0.9276928606058934
1551869,1551869,1.032496985086102,1.0175416227342737,0.014955362351828372,0.00022366286307448546,1.4484654742678218
1551912,1551912,0.768841885627422,0.7869363630149865,0.018094477387564534,0.00032741011192908426,2.3534718549833347
1551697,1551697,1.0282645153893004,1.0073013985699206,0.02096311681937979,0.00043945226678296384,2.038689121878641
1551743,1551743,0.801843403525064,0.7824489676835313,0.019394435841532665,0.00037614414161132685,2.418731108377377
1551499,1551499,0.405522869489309,0.4316225636984994,0.026099694209190394,0.0006811940378132465,6.436059757137438
1551716,1551716,0.9579509274382874,0.9427797824183751,0.015171145019912236,0.00023016364121520783,1.5837079526069546
1551656,1551656,1.055443884810925,1.0093883646706132,0.04605552014031189,0.0021211109353946743,4.363616181125763
1551462,1551462,0.508661388853925,0.5421261643515108,0.033464775497585864,0.001119891199103823,6.578988740031165
1551411,1551411,0.9523636937105004,0.9523184480197495,4.524569075092799e-05,2.0471725315286107e-09,0.0047508836224789755
1551415,1551415,0.9177691601764248,0.9066746341275922,0.011094526048832654,0.00012308850824822629,1.2088580146558778
1551892,1551892,0.9606197458421836,0.7975296083750266,0.16309013746715695,0.02659839293905615,16.9775957836651
1551816,1551816,0.881821197354252,0.8808904198215837,0.0009307775326683476,8.663468153201769e-07,0.10555173038037421
1551810,1551810,1.009659534278068,1.009778043075385,0.00011850879731700736,1.4044335041523531e-08,0.011737500939041213
1551561,1551561,0.956665570037461,0.7932234789034447,0.1634420911340163,0.02671331715426009,17.084558726997592
1551718,1551718,0.6207728507551911,0.7877548813148622,0.1669820305596711,0.02788299852983093,26.89905500160515
1551658,1551658,0.717358850335658,0.7887934314137081,0.07143458107805001,0.0051028993737965,9.957998154567298
1551567,1551567,0.862317266908174,0.7823470868078507,0.07997018010032331,0.0063952297052781455,9.273869742520084
1551267,1551267,-0.2537520239891,0.04233281636523207,0.2960848403543321,0.08766623268765031,-116.68275022982692
1551227,1551227,1.0484224698503373,0.8817188720502517,0.1667035978000856,0.027790089519492703,15.900422071637074
1551167,1551167,0.833534203907013,0.8334465611721616,8.764273485140084e-05,7.68124897223295e-09,0.010514593695207021
1551606,1551606,0.9495000028450044,0.927571060721039,0.021928942123965345,0.00048087850267622173,2.3095252299377833
1551260,1551260,0.289234596669656,0.2905234135235855,0.0012888168539295086,1.6610488829727563e-06,0.4455956751956292
1551180,1551180,0.580865106208168,0.6341340254491686,0.053268919241000634,0.0028375777571042478,9.170617871804188
1551707,1551707,1.027311508967504,0.9141945920463626,0.11311691692114145,0.012795436893744417,11.010965606219017
1551331,1551331,0.9622855049659956,0.8385891084007899,0.1236963965652057,0.015300798523216632,12.854438306184065
1551274,1551274,0.321196483332092,0.32181672944702594,0.0006202461149339422,3.8470524309064905e-07,0.19310488972342088
1551373,1551373,0.9625864894871652,0.9509461241731887,0.011640365313976497,0.00013549810464282715,1.2092799391125992
1551356,1551356,0.9608700101336216,0.9285643959499376,0.03230561418368405,0.0010436527077850482,3.3621211863185874
1551474,1551474,0.222445330576392,0.35678177521974924,0.13433644464335726,0.01804628035941779,60.39076850715171
1551105,1551105,0.9416837484948088,0.9419176539799251,0.0002339054851162592,5.4711775967472554e-08,0.02483906996272737
1551221,1551221,0.896710254266211,0.896693777624518,1.6476641693019545e-05,2.7147972148015e-10,0.0018374543632828848
1551600,1551600,0.9910158456230932,0.8776351125788004,0.11338073304429275,0.012855190625661178,11.440859754669768
1551737,1551737,0.591348110110784,0.7861296635195777,0.19478155340879366,0.037939853548342735,32.938560228475744
1551937,1551937,1.0008075194470405,0.9768863958863394,0.023921123560701085,0.0005722201524063286,2.3901822374314117
1551877,1551877,0.723950478086416,0.7889515301961456,0.06500105210972962,0.004225136775371785,8.978660015743593
1551583,1551583,1.053017989612585,1.053005786331309,1.220328127615744e-05,1.4892007390501476e-10,0.0011588863055081462
1551621,1551621,0.877088199074574,0.7823222019158034,0.09476599715877065,0.008980594217496128,10.804614320288355
1551124,1551124,1.042982725211638,1.0416076992363417,0.0013750259752962624,1.8906964327394375e-06,0.13183592997834626
1551686,1551686,0.9743876187284998,0.9391517735299602,0.03523584519853962,0.0012415647868554475,3.6162041184923575
1551627,1551627,0.8140042459746251,0.8140896774118879,8.543143726280622e-05,7.298530472788795e-09,0.010495207818052263
1551607,1551607,0.9169870008442502,0.8810691798265866,0.03591782101766361,0.0012900898666569178,3.9169389516530595
1551330,1551330,0.8908687520183229,0.8892383729923447,0.0016303790259782902,2.6581357683499184e-06,0.1830100137965954
1551108,1551108,1.0266127710658088,0.9614687499751813,0.06514402109062756,0.004243743483856128,6.345529972610446
1551403,1551403,0.90723136507827,0.9073784445691649,0.00014707949089498573,2.163237664192819e-08,0.01621190542528219
1551741,1551741,0.781954399755893,0.7857933923234453,0.0038389925675522685,1.4737863933721559e-05,0.49094839401769563
1551921,1551921,1.0018559599853052,1.0017893878162156,6.657216908956265e-05,4.431853697289321e-09,0.00664488426964482
1551205,1551205,0.9424899331989616,0.9427385909662385,0.00024865776727689415,6.183068522713005e-08,0.026383068775377782
1551185,1551185,0.859075176434023,0.7772867911507753,0.08178838528324772,0.006689339967240973,9.520515494668013
1551604,1551604,1.033084939328121,0.8426070254716228,0.19047791385649815,0.03628183566712353,18.437778599345155
1551762,1551762,0.9837261473420832,0.9529492755352199,0.030776871806863282,0.000947215838216096,3.128601581854758
1551109,1551109,1.167866608753596,0.9801454468945163,0.18772116185907972,0.03523923460972281,16.073852994172412
1551266,1551266,-0.11258160105808,0.11850629064777198,0.23108789170585198,0.05340161369305557,-205.26257357686313
1551186,1551186,0.368803024855196,0.36880640380266855,3.3789474725431923e-06,1.1417286022206027e-11,0.0009161929932298891
1551365,1551365,0.9546160723334436,0.8771778620865222,0.07743821024692144,0.005996676406246408,8.111974278584382
1551345,1551345,0.9061936024831064,0.9060895670160113,0.00010403546709514266,1.0823378413704512e-08,0.01148049013037279
1551903,1551903,1.035749753503354,0.9034798756119592,0.13226987789139477,0.017495320597404482,12.770447440996321
1551308,1551308,0.125695824992186,0.12505545705635207,0.0006403679358339409,4.1007109324422227e-07,0.5094583975830143
1551387,1551387,1.0301024563456225,1.0296435279422573,0.0004589284033651442,2.1061527941528047e-07,0.04455172400939926
1551546,1551546,0.119356330172908,0.11980436362417064,0.0004480334512626388,2.0073397345031137e-07,0.3753746873865726
1551784,1551784,0.875555914239529,0.782324783472433,0.0932311307670961,0.008692043744111373,10.64822123302916
1551327,1551327,0.9391016883786112,0.9394135363979417,0.0003118480193304851,9.724918716034662e-08,0.03320705554995866
1551366,1551366,0.894930374625503,0.8948934133788741,3.6961246628886e-05,1.3661337523613369e-09,0.004130069520140378
1551824,1551824,0.9161848203687606,0.9162000646906518,1.5244321891261237e-05,2.3238934992438658e-10,0.0016638915590334123
1551904,1551904,0.80425461655164,0.8043042864418577,4.966989021770729e-05,2.4670979942390945e-09,0.006175891215977629
1551269,1551269,0.032082564771138,0.03209087236622663,8.307595088630215e-06,6.901613615663287e-11,0.02589442317935835
1551428,1551428,0.9421936202778988,0.9422714737835259,7.785350562716786e-05,6.061168338439458e-09,0.008263004965391835
1551528,1551528,0.3244345028404349,0.3248480594681811,0.0004135566277462255,1.7102908435283012e-07,0.12746998982091098
1551745,1551745,0.9905320013263128,0.8656351724722023,0.12489682885411046,0.01559921785781296,12.609065500849525
1551160,1551160,0.9276809608602624,0.9276802274933771,7.333668853304331e-07,5.378269884992607e-13,7.905378209447817e-05
1551439,1551439,1.11769362360608,0.8922789744610511,0.22541464914502884,0.05081176404917645,20.167838876789908
1551320,1551320,0.9904732726392552,0.9906209507007416,0.0001476780614864115,2.1808809844384334e-08,0.01490984820750413
1551727,1551727,0.9070885475892894,0.8196008166983089,0.0874877308909805,0.007654103056452624,9.644894219367115
1551262,1551262,0.3496955797839,0.3490732266759714,0.0006223531079285749,3.873233909483564e-07,0.17796996699619938
1551302,1551302,0.111038279234093,0.11104719120720714,8.911973114145155e-06,7.94232647872461e-11,0.008026036764633902
1551182,1551182,0.623258142012033,0.632612503178212,0.009354361166179048,8.750407282731865e-05,1.500880700247386
1551859,1551859,1.011119075625735,1.0111115048182544,7.57080748070571e-06,5.731712590990954e-11,0.0007487552814707294
1551939,1551939,1.0449628162854965,1.0107780209051527,0.0341847953803438,0.001168600235195975,3.271388689394676
1551259,1551259,0.271847501706278,0.2726892442421716,0.0008417425358935859,7.085304967325649e-07,0.30963776772282425
1551458,1551458,0.507575975937672,0.5609190067328482,0.053343030795176216,0.002845478934415118,10.509368710099569
1551715,1551715,0.9266265139790032,0.9265003942283689,0.00012611975063425707,1.5906191500047186e-08,0.01361063478452494
1551675,1551675,0.9889843669480592,0.9752968711972113,0.013687495750847933,0.00018734753992948023,1.3839951578897698
1551748,1551748,0.874662971247677,0.8521672147916465,0.022495756456030525,0.000506059058529039,2.5719342415903457
1551788,1551788,0.9111201384814966,0.8230284182769425,0.08809172020455414,0.007760151168597451,9.668507640646682
1551133,1551133,1.067507291029687,0.9956874046236043,0.07181988640608272,0.0051580960833826255,6.727812260355366
1551234,1551234,1.0512714785440689,0.9888816000821679,0.06238987846190103,0.0038924969344907817,5.934706660957478
1551611,1551611,0.852934691779297,0.8534666463023162,0.0005319545230191292,2.829756145605092e-07,0.06236755617354771
1551155,1551155,0.9298646002244908,0.9308036638116883,0.0009390635871975306,8.818404208002941e-07,0.1009892824149687
1551197,1551197,0.358445553521166,0.3964732757965609,0.03802772227539486,0.0014461076614545624,10.60906514304113
1551614,1551614,0.816689748664617,0.8161923449288383,0.0004974037357786676,2.474104763665746e-07,0.06090485849638504
1551138,1551138,0.794523673529081,0.7940762553618093,0.00044741816727178474,2.0018301640484275e-07,0.056312754695459474
1551893,1551893,0.9481352282423618,0.9159589281525465,0.03217630008981531,0.001035314287469849,3.3936403934134196
1551196,1551196,0.429700001733697,0.6164650463721202,0.1867650446384232,0.03488118189879221,43.46405489524975
1551812,1551812,1.0163759604888236,0.9423682846900755,0.07400767579874812,0.005477136077132608,7.281525604280753
1551913,1551913,0.7736155935651741,0.7886169707961145,0.015001377230940416,0.00022504131882497753,1.9391254979501147
1551178,1551178,0.414876147011801,0.49965808311933885,0.08478193610753787,0.007187976690142634,20.43548097864645
1551218,1551218,1.016261172600484,0.9292132657252365,0.08704790687524744,0.00757733809136175,8.565505523791964
1551557,1551557,0.8791683958650081,0.81961232349762,0.059556072367388024,0.0035469257558295593,6.774137087672629
1551814,1551814,0.9921336927915168,0.9527996819309977,0.03933401086051902,0.0015471644103754283,3.9645877512582897
1551854,1551854,1.0236049279684445,0.9805353260205725,0.043069601947872016,0.001854990611948141,4.207639175140798
1551934,1551934,0.9888742506598264,0.9760470201457678,0.01282723051405854,0.00016453784266079452,1.2971548713599905
1551541,1551541,0.897386301538816,0.7621741439346678,0.1352121576041483,0.018282327563969036,15.067330242537667
1551698,1551698,1.0143051068986035,0.9798379932442934,0.0344671136543101,0.0011879819236591297,3.3981011650132267
1551818,1551818,0.9732404072165474,0.9334946177051934,0.03974578951135399,0.0015797277838808569,4.0838614197109155
1551858,1551858,0.970859893276388,0.9307522789004474,0.04010761437594057,0.0016086207309291547,4.131143397075379
1551303,1551303,0.054333729765763,0.16011945818580506,0.10578572842004205,0.011190620337358893,194.69623910615502
1551483,1551483,0.9517110044384298,0.8445798516328192,0.10713115280561059,0.011477083901459085,11.256689510365051
1551250,1551250,0.666396364770085,0.6684848206136421,0.002088455843557102,4.3616478104878074e-06,0.3133954436077461
1551290,1551290,0.2087781640409499,0.20834902874415265,0.0004291352967972506,1.8415710295726436e-07,0.20554606309933815
1551230,1551230,0.9655616313837816,0.9443876094125426,0.021174021971238965,0.00044833920643851046,2.1929228837411134
1551569,1551569,0.827078719930797,0.8271462868644334,6.756693363640931e-05,4.56529052102694e-09,0.008169347367813157
1551767,1551767,0.80235260793671,0.8022741453518467,7.84625848633258e-05,6.1563772234346034e-09,0.009779065224838774
1551244,1551244,0.442851890777354,0.44265933559410126,0.00019255518325272947,3.7077498597492225e-08,0.04348071833107235
1551701,1551701,1.0501890020621685,0.980296346104511,0.06989265595765748,0.004884983356815474,6.6552454672839945
1551343,1551343,0.890864080418216,0.8915608743295841,0.000696793911368121,4.855217549196848e-07,0.07821551308264794
1551585,1551585,1.029078708550779,0.9606935576380697,0.06838515091270936,0.004676528865354033,6.645278961121849
1551565,1551565,0.687899740061892,0.7359014541010532,0.0480017140391612,0.0023041645506974057,6.978010201725381
1551683,1551683,0.9764070847175448,0.9606861390356822,0.015720945681862553,0.00024714813313207284,1.610081074576626
1551367,1551367,1.0015696576359,0.9889417239216671,0.012627933714232764,0.0001594647098910565,1.2608143245912298
1551466,1551466,0.225405256404089,0.31409720389172924,0.08869194748764023,0.007866261549150332,39.34777249765649
1551488,1551488,0.755451077606873,0.7558103201040015,0.0003592424971284869,1.290551717431109e-07,0.047553376754256485
1551548,1551548,0.0987665863877099,0.09764784796198143,0.0011187384257284605,1.251575665201394e-06,1.132709417876238
1551806,1551806,0.9508460910472196,0.9512593025848145,0.00041321153759488194,1.7074377480152654e-07,0.04345724733850345
1551846,1551846,0.89364902145334,0.8930923845469271,0.0005566369064129439,3.0984464558097253e-07,0.062288089960383576
1551866,1551866,0.9354558381809404,0.936030024809934,0.000574186628993667,3.29690284915111e-07,0.06138041001595685
1551240,1551240,0.298501850013038,0.32006060330836617,0.021558753295328192,0.0004647798436488242,7.222318151256532
1551676,1551676,0.957356966853274,0.9571235643505909,0.00023340250268311102,5.447672825873965e-08,0.024379882401679192
1551696,1551696,1.0020187986176008,1.0020617974665496,4.299884894876094e-05,1.8489010109183595e-09,0.004291221782274221
1551776,1551776,0.4354911174375759,0.7864046292719608,0.35091351183438485,0.12314029278794096,80.57879891997692
1551171,1551171,0.9669290754721998,0.826540085963177,0.1403889895090228,0.01970906837536451,14.519057609314709
1551231,1551231,0.172762129331506,0.7863246401612882,0.6135625108297822,0.3764589546957466,355.1487314980025
1551490,1551490,0.439303810496205,0.7181459942011851,0.2788421837049801,0.07775296341336187,63.47365468786184
1551550,1551550,-0.1515167251365701,-0.04741477037241866,0.10410195476415145,0.010837216985717435,-68.70657656461279
1551106,1551106,1.044237383526048,0.9946374328234009,0.049599950702647,0.0024601551097050128,4.749873111721417
1551282,1551282,0.055582181525745,0.15605741322352504,0.10047523169778004,0.010095272184722583,180.76878046112876
1551162,1551162,0.883541013565015,0.8827097954988665,0.000831218066148498,6.909234734916489e-07,0.09407803977255133
1551442,1551442,0.9725550167437288,0.9601076567557331,0.012447359987995732,0.0001549367706707571,1.2798617840326918
1551502,1551502,0.394943697361636,0.41798121374228364,0.02303751638064766,0.0005307271609886093,5.833114070321021
1551582,1551582,1.0284740700226649,1.0284537129505578,2.0357072107124452e-05,4.144103847746644e-10,0.001979347141603272
1551659,1551659,1.12740921708543,1.013944346937872,0.11346487014755802,0.012874276757602202,10.064213457548854
1551179,1551179,0.9278825070363008,0.7771567524226627,0.15072575461363813,0.022718253103850655,16.244056059970685
1551695,1551695,1.0238925650607371,1.024108648407548,0.00021608334681078034,4.6692012768947974e-08,0.021104103514802096
1551655,1551655,1.0240227024922852,0.9332860916360354,0.09073661085624984,0.008233132549678517,8.860800706411432
1551319,1551319,0.9574483967410796,0.9567534562183124,0.0006949405227671956,4.829423301839431e-07,0.07258255642106701
1551097,1551097,1.0189740375196732,0.9704764418386944,0.04849759568097878,0.0023520167868356914,4.759453518465375
1551571,1551571,0.689655594330622,0.7829922225602641,0.09333662822964217,0.008711726169278436,13.533802813596324
1551668,1551668,0.9755248196687948,0.9265642470833142,0.04896057258548059,0.0023971376678981133,5.018895634260073
1551079,1551079,1.11987058925587,0.9607453387070045,0.1591252505488655,0.025320845362239223,14.209253468706667
1551102,1551102,0.9497949810231796,0.943740803056245,0.006054177966934637,3.665307085531682e-05,0.6374194523972628
1551082,1551082,0.9631530878429811,0.9632925996204398,0.00013951177745863408,1.946353604966744e-08,0.014484901644356053
1551081,1551081,0.9727518913196602,0.9726993339344049,5.2557385255336264e-05,2.7622787448778376e-09,0.005402958937868069
1551515,1551515,0.334524625174065,0.33376384656955205,0.0007607786045129572,5.787840850846826e-07,0.22742080769602452
1551397,1551397,0.95534283983578,0.9553847806365126,4.1940800732498396e-05,1.7590307660831379e-09,0.004390130849748962
1551894,1551894,0.869735767877843,0.8696321808256833,0.00010358705215973707,1.0730277375144088e-08,0.011910175019303814
1551639,1551639,0.883677824711001,0.8845950932805867,0.0009172685695857385,8.413816287498669e-07,0.10380124338705943
1551122,1551122,1.008749239628677,0.921019292988574,0.08772994664010303,0.007696543537475325,8.69690337237792
1551938,1551938,0.9266425308936552,0.9167779171296437,0.009864613764011487,9.731060471312489e-05,1.0645543923499865
1551480,1551480,0.9285398679084784,0.8196097929716701,0.10893007493680829,0.011865761225738668,11.731329876246626
1551141,1551141,1.0159968935087254,0.9483959254544752,0.0676009680542502,0.004569890881871756,6.653658932045706
1551880,1551880,0.9668523277561588,0.8622949631499411,0.10455736460621767,0.01093224249339754,10.81420208697963
1551095,1551095,0.72521981857259,0.7854277778583436,0.06020795928575362,0.0036249983613549654,8.302028949547685
1551529,1551529,0.0693504548349279,0.28861399168659,0.2192635368516621,0.04807649859270019,316.16740996661997
1551726,1551726,0.875846220817597,0.8538755919531666,0.021970628864430353,0.00048270853269854016,2.508503015965623
1551907,1551907,0.802551484626973,0.8021648748964934,0.00038660973047965896,1.4946708370155454e-07,0.048172576823448984
1551887,1551887,0.9307715580166624,0.9307691065940166,2.451422645877166e-06,6.009472988719405e-12,0.0002633753282170319
1551204,1551204,0.9868114055269324,0.9699645732203297,0.016846832306602666,0.0002838157587667913,1.7071987830954267
1551564,1551564,0.806204675910526,0.7824416202210364,0.023763055689489665,0.0005646828157017871,2.947521442076941
1551642,1551642,0.9993219506130636,0.9162959277991088,0.08302602281395477,0.006893320464303338,8.308235675501773
1551363,1551363,0.84781194857642,0.8483941166679794,0.0005821680915594207,3.3891968682993807e-07,0.06866712512567819
1551125,1551125,1.02469874976489,0.9069862874873689,0.11771246227752119,0.01385622377543685,11.487518873671847
1551464,1551464,0.510003072404611,0.5100818786310379,7.88062264269751e-05,6.2104213236596685e-09,0.015452108171704147
1551166,1551166,0.98355329813813,0.8459768381646391,0.13757645997349088,0.018927282338837538,13.987697487662706
1551723,1551723,1.031996456503226,0.9265577503827779,0.10543870612044814,0.01111732074835423,10.216963968821394
1551644,1551644,0.839260918266561,0.8378222588445198,0.001438659422041244,2.0697409326280467e-06,0.17141980410724972
1551188,1551188,0.699939120908676,0.7010772074345983,0.0011380865259222883,1.2952409404858634e-06,0.16259793058070535
1551208,1551208,0.9267880178684113,0.9275068497694546,0.0007188319010433819,5.167193019576424e-07,0.07756163083513713
1551487,1551487,0.872039534101962,0.8719944147091093,4.511939285267719e-05,2.035759611394217e-09,0.005174007724218804
1551765,1551765,0.995672763558174,0.9393055637585367,0.056367199799637335,0.003177261213252235,5.661217406229067
1551187,1551187,0.344051886431965,0.4358307825259699,0.09177889609400491,0.00842336576823415,26.675888060318442
1551329,1551329,0.9903377962361568,0.9876025951434612,0.0027352010926956494,7.481325017483474e-06,0.27618870077371166
1551150,1551150,1.0233626721343323,1.0083072857728204,0.015055386361511935,0.0002266646584943996,1.4711682154785182
1551637,1551637,0.910479461895415,0.9110272662493324,0.000547804353917436,3.000896101708995e-07,0.06016658001016625
1551251,1551251,0.2489579959256249,0.24893129053160004,2.6705394024856277e-05,7.131780700228294e-10,0.010726867367953266
1551908,1551908,0.889955120511713,0.846117311308172,0.04383780920354097,0.0019217535157660612,4.9258449323079105
1551422,1551422,0.9688711263737596,0.9693357330963002,0.00046460672254056146,2.1585940662988225e-07,0.047953407826226306
1551819,1551819,1.0123063294243178,0.9641339648128103,0.04817236461150742,0.002320576712264013,4.758674643366328
1551299,1551299,0.000707811483846,0.05225237049661611,0.05154455901277011,0.00265684156382094,7282.243957486392
1551935,1551935,1.018728444828342,0.9842888549946623,0.034439589833679674,0.0011860853479120923,3.380644764413427
1551114,1551114,0.7570380869003119,0.7911145117010732,0.03407642480076123,0.001161202727201935,4.501282747911264
1551272,1551272,0.173416954192197,0.2300162874035675,0.056599333211370506,0.0032034845199717483,32.63771611894521
1551433,1551433,1.014331801756357,1.0080321688752667,0.006299632881090256,3.968537443651352e-05,0.6210623456922266
1551334,1551334,0.9404504460666018,0.940844327752877,0.00039388168627518816,1.5514278278298575e-07,0.04188223716864438
1551931,1551931,1.0536593335701103,0.9889496030835319,0.06470973048657847,0.004187349219645623,6.141428109152007
1551476,1551476,0.3258387190954079,0.3452681954075089,0.019429476312101013,0.0003775045497624944,5.962912070745013
1551556,1551556,0.014421734062642,0.014070481927122461,0.0003512521355195381,1.2337806270703597e-07,2.4355749037795684
1551634,1551634,0.9176777302886197,0.8717457585035122,0.04593197178510744,0.002109746032067906,5.005239886409942
1551117,1551117,0.9635194747656466,0.8690967343735555,0.09442274039209109,0.00891565390315223,9.799774977569312
1551691,1551691,0.96519591183256,0.866649989199821,0.09854592263273909,0.009711298867537799,10.209939912161026
1551394,1551394,0.7449106130229419,0.787540442029225,0.04262982900628309,0.0018173023211049354,5.722811336152915
1551156,1551156,0.837954872350976,0.8377640056389548,0.000190866712021176,3.643010175777453e-08,0.022777683896708915
1551176,1551176,0.8680526570964919,0.8472321311598151,0.020820525936676826,0.0004334943002798324,2.398532596665093
1551852,1551852,1.0007901677895006,0.8850968813754128,0.11569328641408783,0.013384936521292159,11.560194148352382
1551238,1551238,0.359198748932678,0.3600075005523608,0.0008087516196828015,6.540791823395549e-07,0.22515435315014973
1551158,1551158,0.882983091037969,0.8829537976062277,2.9293431741295173e-05,8.581051431819195e-10,0.0033175529677312394
1551437,1551437,0.9000978317151175,0.8862421611593865,0.013855670555731003,0.0001919796065489511,1.5393516201821433
1551477,1551477,0.86886151128642,0.8319262539869563,0.036935257299463675,0.0013642132317775847,4.250994758045851
1551517,1551517,0.321120469724639,0.31991970201471,0.001200767709928996,1.4418430932081254e-06,0.3739306033522731
1551918,1551918,1.0017398373540778,0.982423502910216,0.019316334443861827,0.00037312077634712277,1.9282785533300322
1551878,1551878,0.868031301210289,0.8681428896247013,0.00011158841441227807,1.2451974231046308e-08,0.01285534453154987
1551797,1551797,1.0059562901362271,0.9792126326641358,0.026743657472091287,0.0007152232149845441,2.658530766627012
1551469,1551469,0.1292902208515369,0.31156338980213905,0.18227316895060214,0.03322350811929475,140.9798573705781
1551349,1551349,0.71859482224964,0.7875859001574184,0.06899107790777836,0.004759768830877144,9.600831479942231
1551069,1551069,0.9595472799319406,0.959705695556628,0.00015841562468743575,2.5095510145110503e-08,0.016509413136856787
1551284,1551284,0.1378678792820039,0.13788312225494498,1.5242972941087451e-05,2.3234822408272423e-10,0.011056217750262545
1551145,1551145,0.9426554413170324,0.9199950224585478,0.022660418858484577,0.0005134945828419635,2.403892012422327
1551742,1551742,0.759581439472768,0.7886110101530811,0.029029570680313088,0.0008427159738832933,3.8217851532105316
1551325,1551325,1.0350002953719275,0.9546534526746829,0.08034684269724457,0.006455615131415763,7.762977755322467
1551071,1551071,1.040566840584955,1.018931237569614,0.021635603015341065,0.0004680993178374354,2.0792131914542464
1551286,1551286,-0.09129572211981,0.05560733330836292,0.14690305542817292,0.021580507694132844,-160.90902401252472
1551425,1551425,0.867653568973078,0.8679396998965586,0.00028613092348062086,8.18709053718729e-08,0.032977553912360964
1551465,1551465,0.243365089540566,0.3130412837188306,0.06967619417826462,0.0048547720351672366,28.63031600374648
1551326,1551326,0.942058811246244,0.9417031507533412,0.00035566049290280954,1.2649438621186943e-07,0.03775353392558458
1551943,1551943,0.9683412334473546,0.9077952976326402,0.06054593581471435,0.0036658103436795096,6.252541327726702
1551587,1551587,1.0665429392933454,1.0661246945682643,0.0004182447250811183,1.7492865005818025e-07,0.0392149916962774
1551328,1551328,1.0374669002283416,1.0035673272514851,0.03389957297685653,0.0011491810480132214,3.2675329660537016
1551865,1551865,1.0255776779564207,0.9958876320973344,0.0296900458590863,0.0008814988231146476,2.8949582754420966
1551925,1551925,1.112599577375287,1.0958026637168785,0.01679691365840852,0.0002821363084480307,1.509699805749864
1551586,1551586,0.979596452847632,0.9767927869138642,0.002803665933767796,7.860542668170048e-06,0.2862062153877442
1551386,1551386,0.9390823346067398,0.9392698812183576,0.00018754661161779485,3.517373152931598e-08,0.01997126393569461
1551508,1551508,0.345236871167639,0.345867720845411,0.0006308496777719941,3.9797131594502874e-07,0.18272952006498405
1551725,1551725,0.9777418276052146,0.9748305453041608,0.0029112823010537525,8.475564636428832e-06,0.29775572844053966
1551617,1551617,0.704205626549113,0.7671480881821603,0.06294246163304729,0.003961753476427629,8.938079910194743
1551836,1551836,1.0141329250660942,0.9519866991945193,0.06214622587157492,0.0038621533900808085,6.128015799065459
1551896,1551896,0.9027379531469288,0.856912856788094,0.045825096358834805,0.002099939456296495,5.076234603750658
1551628,1551628,0.723889079913583,0.7246669720476316,0.0007778921340486633,6.051161722147836e-07,0.10746012830329299
1551648,1551648,1.048216919445636,0.8414517110013382,0.2067652084442979,0.042751851423013965,19.72542177182644
1551132,1551132,0.3088280883634979,0.7861037498844322,0.4772756615209343,0.22779205708024547,154.5441232531834
1551222,1551222,1.027639855717871,0.9641039219484554,0.06353593376941558,0.004036814879951563,6.182704321547721
1551522,1551522,0.401417200366836,0.4014302066325723,1.3006265736303924e-05,1.6916294840335344e-10,0.0032400868035595185
1551759,1551759,0.9286306304248396,0.9281566685882982,0.00047396183654146995,2.246398224977631e-07,0.051038789914202694
1551199,1551199,0.9284978235075166,0.9289580721720749,0.0004602486645582937,2.1182883322769277e-07,0.049569169997582416
1551578,1551578,1.0032781285321175,1.0033659101742265,8.778164210898609e-05,7.70561669135012e-09,0.00874948228338419
1551172,1551172,0.887139480390173,0.887090070787209,4.94096029639568e-05,2.4413088650558487e-09,0.00556954166240307
1551531,1551531,0.32223157644148,0.44232520917766005,0.12009363273618007,0.0144224806237725,37.26935580380345
1551391,1551391,1.0144032105008474,1.001852899170154,0.012550311330693287,0.0001575103144973283,1.2372113180218294
1551294,1551294,0.0176130175487739,0.15956721649991323,0.14195419895113934,0.02015099459985965,805.9618322529932
1551254,1551254,0.294988539784113,0.39807809123372523,0.10308955144961224,0.01062745561808225,34.946968287330144
1551493,1551493,0.7979099162351,0.7978957233786395,1.4192856460537584e-05,2.0143717450942343e-10,0.0017787542392637384
1551593,1551593,1.0524547281139882,1.0478092174953546,0.004645510618633608,2.1580768907837608e-05,0.44139766723823076
1551275,1551275,-0.0221577690305498,5.0147636599841966e-05,0.022207916667149642,0.0004931915626950629,-100.22632078405864
1551454,1551454,0.689378635181431,0.68938329297304,4.657791608964068e-06,2.169502267253608e-11,0.0006756507050350099
1551871,1551871,0.869229900323417,0.8692446657213259,1.476539790890019e-05,2.1801697540815413e-10,0.001698675793757944
1551256,1551256,0.2334556913939259,0.3064148273848095,0.0729591359908836,0.005323035524536247,31.25181294799732
1551216,1551216,0.888015739095929,0.881352196624881,0.006663542471048056,4.440279826346123e-05,0.7503856269295491
1551495,1551495,0.637127455357812,0.7487053140931956,0.11157785873538362,0.012449618559973221,17.512643317610806
1551732,1551732,0.8630406975532909,0.8626458876504726,0.0003948099028183716,1.5587485936345202e-07,0.0457463829849105
1551672,1551672,0.9407520979592152,0.9287860108846115,0.01196608707460367,0.00014318723987699703,1.2719702778831796
1551712,1551712,1.0173316363963951,0.97828513267056,0.03904650372583507,0.001524629453211652,3.838129310924222
